Word,Sentiment
2 arcú,-1
2 arc,-1
a+,1
elhagyott,-1
elhagyatott,-1
lemondás,-1
megaláz,-1
alázatosság,-1
zavarba hoz,-1
alábbhagy,-1
lemondani a trónról,-1
aberráció,-1
gyűlöl,-1
rendellenes,-1
megszüntetni,-1
utálatos,-1
förtelmesen,-1
utál,-1
utálatos,-1
elvetél,-1
elvetélt,-1
megszakítja,-1
bővelkedik,1
bővelkedik,1
ledörzsöl,-1
csiszoló,-1
hirtelen,-1
hirtelen,-1
megszökik,-1
hiány,-1
hiányzó elméjű,-1
távollévő,-1
abszurd,-1
képtelenség,-1
képtelenül,-1
abszurditás,-1
bőség,1
bőséges,1
visszaélés,-1
bántalmazták,-1
visszaéléseket,-1
bántalmazó,-1
feneketlen,-1
mélységesen,-1
szakadék,-1
hozzáférhető,1
hozzáférhető,1
véletlen,-1
elismerést,1
elismerően,1
felkiáltás,1
elismerés,1
elismeréseket,1
alkalmazkodó,1
alkalmazkodó,1
"megvalósítani, végrahajt",1
teljesítve,1
teljesítmény,1
teljesítmények,1
leszólít,-1
pontos,1
pontosan,1
elátkozott,-1
vád,-1
vádakat,-1
vádol,-1
vádol,-1
vádló,-1
vádlón,-1
elkeserít,-1
fanyar,-1
fanyarul,-1
fájdalom,-1
fájt,-1
fáj,-1
fáj,-1
elérhető,1
teljesítmény,1
eredményeket,1
elérhető,1
fájó,-1
fanyar,-1
fanyarul,-1
fanyarság,-1
elkeseredett,-1
fanyarul,-1
csípősség,-1
éleslátás,1
hajthatatlan,-1
hajthatatlanul,-1
alkalmazható,1
alkalmazkodó,1
függő,-1
függő,-1
addiktív,-1
szenvedélybetegek,-1
megfelelő,1
állítható,1
csodálatra méltó,1
csodálatra méltóan,1
csodálat,1
csodál,1
tisztelője,1
gyönyörködve,1
gyönyörködve,1
figyelmeztet,-1
intő,-1
intően,-1
intés,-1
figyelmeztetés,-1
imádni való,1
rajong,1
imádták,1
imádó,1
imádó,1
hódolóan,1
ügyes,1
ügyesen,1
hízeleg vkinek,1
hízelgés,1
hízelgő,1
hamisít,-1
hamisított,-1
hamisítás,-1
házasságtörő,-1
fejlett,1
előny,1
előnyös,1
előnyösen,1
előnyeit,1
kalandos,1
kalandos,1
ellenséges,-1
ellenség,-1
kedvezőtlen,-1
balsors,-1
ügyvéd,1
szorgalmazta,1
szószólói,1
kedvesség,1
barátságos,1
kedvesen,1
modorosság,1
szeretet,1
gyengéd,1
affinitás,1
megerősít,1
megerősítés,1
igenlő,1
kínoz,-1
szenvedés,-1
sanyargató,-1
bőség,1
gazdag,1
engedheti meg magának,1
megfizethető,1
megfizethető áron,1
sértés,-1
megfizethető,1
fél,-1
súlyosbítja,-1
súlyosbító,-1
súlyosbodás,-1
agresszió,-1
agresszív,-1
agresszivitás,-1
agresszor,-1
bosszant,-1
sértett,-1
súlyosbodás,-1
megdöbbent,-1
agilis,1
fürgén,1
agilitás,1
kínok,-1
kínoz,-1
kínzó,-1
gyötrelmesen,-1
gyötrelem,-1
kellemes,1
kellemesség,1
kellemesen,1
zátonyon,-1
ail,-1
gyengélkedő,-1
betegség,-1
céltalan,-1
riasztás,-1
riadt,-1
riasztó,-1
riasztóan,-1
elidegeníteni,-1
elidegenedett,-1
elidegenítés,-1
mindenfelé,1
állítás,-1
vádakat,-1
állítják,-1
allergiás,-1
allergiák,-1
allergia,-1
csábító,1
csábítóan,1
tartózkodó,-1
veszekedés,-1
önzetlen,1
altruisztikusan,1
meghökkent,1
csodálkozva,1
ámulat,1
elképeszt,1
elképesztő,1
elképesztően,1
kétértelműség,-1
kétértelmű,-1
ambiciózus,1
ambiciózusan,1
ambivalencia,-1
ambivalens,-1
csapda,-1
javítani,1
kezelhető,1
kényelem,1
szeretetreméltóság,1
barátságosan,1
kedves,1
barátságos természet,1
baráti,1
barátságosan,1
rossz,-1
egyetértés,1
bőséges,1
bőségesen,1
amputál,-1
szórakoztat,1
szórakoztató,1
mulatságosan,1
anarchizmus,-1
anarchista,-1
anarchisztikus,-1
anarchia,-1
vérszegény,-1
angyal,1
angyali,1
harag,-1
mérgesen,-1
haragot,-1
mérges,-1
kín,-1
ellenségeskedés,-1
megsemmisíteni,-1
megsemmisítés,-1
bosszant,-1
bosszúság,-1
bosszúságokat,-1
bosszús,-1
bosszantó,-1
bosszantóan,-1
idegesít,-1
rendellenes,-1
rendellenesség,-1
ellentét,-1
antagonista,-1
ellentétes,-1
antagonizálni,-1
anti,-1
Amerika-ellenes,-1
izraeli ellenes,-1
megszállás ellenes,-1
proliferáció ellenes,-1
antiszemiták,-1
antiszociális,-1
ellenünk,-1
anti fehér,-1
ellenszenv,-1
elavult,-1
ellentétes,-1
szorongások,-1
szorongás,-1
aggódó,-1
aggodalmasan,-1
szorongás,-1
fásult,-1
apatikusan,-1
fásultság,-1
Apokalipszis,-1
apokaliptikus,-1
hitvédő,-1
bocsánatkérők,-1
apoteózis,1
appal,-1
megdöbbent,-1
megdöbbenve,-1
megdöbbentő,-1
megdöbbentően,-1
fellebbezés,1
vonzó,1
tapsol,1
észlelhető,1
méltányol,1
"értékelt, megbecsült",1
értékeli,1
elismerő,1
elismerően,1
letartóztatás,-1
aggodalmak,-1
nyugtalan,-1
aggodalmasan,-1
megfelelő,1
jóváhagyás,1
jóváhagy,1
tetszőleges,-1
misztikus,-1
régies,-1
lelkes,1
hevesen,1
lelkesedés,1
fáradságos,-1
fáradságosan,-1
érvelő,-1
gőg,-1
arrogáns,-1
arrogánsan,-1
tagolt,1
megszégyenülve,-1
ostoba,-1
simán,-1
asininitás,-1
gyanakodva,-1
rágalmaz,-1
rágalom,-1
aspirációk,-1
törekvés,1
törekvéseit,1
törekszik,1
megtámad,-1
orgyilkos,-1
meggyilkolni,-1
támadás,-1
támadás,-1
biztosíték,1
biztosítékokat,1
biztosítsa,1
bizonyosan,1
biztosítva,1
megdöbbent,1
elképedve,1
megdöbbentő,1
elképesztően,1
csodálkozás,1
megdöbbent,1
elképedve,1
meghökkentő,1
meghökkentően,1
téves irányban,-1
ügyesen,1
ketté,-1
kegyetlen,-1
rémtettek,-1
kegyetlenség,-1
sorvadás,-1
támadás,-1
támadások,-1
figyelmes,1
vonzerő,1
vonzó,1
vonzóan,1
összeegyeztet,1
vakmerő,-1
merészen,-1
bátorság,-1
vakmerőség,-1
hallható,1
hallhatóan,1
hallhatóan,-1
kedvező,1
szigorú,-1
hiteles,1
tekintélyelvű,-1
irányadó,1
zsarnok,-1
zsarnoki,-1
autonóm,1
elérhető,1
lavina,-1
kapzsiság,-1
kapzsi,-1
mohón,-1
megbosszul,-1
bizonyít,1
idegenkedõ,-1
idegenkedés,-1
mohó,1
mohón,1
díj,1
díjazott,1
díjakat,1
félelem,1
áhítat,1
félelmetes,-1
fantasztikus,1
félelmetesen,1
félelmetesség,1
ámulatba ejtett,1
szörnyű,-1
szörnyen,-1
szörnyűség,-1
kínos,-1
ügyetlenség,-1
félelmetes,1
fejsze,-1
gügyög,-1
vissza bejelentkezve,-1
hátsó fa,-1
őserdő,-1
hátfájás,-1
hátfájások,-1
hátfájás,-1
rágalmaz,-1
visszaszólás,-1
hátgerinc,1
hátrafelé,-1
elmaradottság,-1
backwood,-1
őserdő,-1
rossz,-1
rosszul,-1
zavarba ejt,-1
értetlenül,-1
zavarodottság,-1
zavarba ejtő,-1
csali,-1
kiegyensúlyozott,1
balk,-1
banális,-1
elbanalizál,-1
csapás,-1
száműzni,-1
száműzetés,-1
csődbe jutott,-1
barbár,-1
barbár,-1
barbár módon,-1
barbárság,-1
barbár,-1
barbár módon,-1
alku,1
meddő,-1
alaptalan,-1
bash,-1
megütött,-1
szégyenlős,-1
dagasztás,-1
fattyú,-1
köcsögök,-1
megtépázott,-1
verés,-1
bolond,-1
mogorva,-1
állatias,-1
szépséges,1
szép,1
szépen,1
szépen,1
szépít,1
szépség,1
odahív,1
intett,1
intve,1
int,1
tébolyda,-1
őrült,-1
bemocskol,-1
könyörög,-1
koldus,-1
koldusszegény,-1
koldulva,-1
elcsábít,-1
megver,-1
elkésett,-1
ostromol,-1
meghazudtol,-1
hihető,1
hihető,1
lekicsinyelni,-1
lekicsinyelt,-1
lekicsinylő,-1
harcias,-1
harciasság,-1
hadviselő,-1
harciasan,-1
szeretett,1
gyászol,-1
nyögve,-1
megzavart,-1
jótevő,1
jótékony,1
előnyös,1
előnyösen,1
kedvezményezett,1
haszon,1
előnyöket,1
jóakarat,1
jóindulatú,1
előnyöket,1
hajlított,-1
szid,-1
megfoszt vmitől,-1
gyász,-1
megfosztotta,-1
megvadult,-1
könyörögni,-1
szorongat,-1
ostromolni,-1
bemocskol,-1
legjobb,1
Legismertebb,1
legjobban teljesítő,1
legkelendőbb,1
bestiális,-1
elárul,-1
árulás,-1
árulások,-1
áruló,-1
árulkodó,-1
elárulja,-1
jobb,1
jobb tudni,1
jobb a vártnál,1
szépen,1
búsul,-1
óvakodik,-1
megtéveszt,-1
megzavarodott,-1
megdöbbentő,-1
zavartan,-1
zavarodottság,-1
megbabonáz,-1
Elfogultság,-1
elfogult,-1
torzítások,-1
veszekszik,-1
civakodás,-1
ajánlati kötélzet,-1
fanatizmusok,-1
vakbuzgóság,-1
kurva,-1
rosszindulatú,-1
csípős,-1
harapósan,-1
keserű,-1
keserűen,-1
keserűség,-1
bizarr,-1
pletykázó,-1
fecsegő,-1
zsarolás,-1
bla,-1
szemrehányás,-1
feddhetetlen,1
elítélendő,-1
nyájas,-1
hízeleg,-1
istenkáromlás,-1
istenkáromló,-1
istenkáromlás,-1
átkozott,-1
kirívó,-1
kirívóan,-1
összevissza fecseg,-1
sivár,-1
siváran,-1
sivárság,-1
vérzik,-1
vérzés,-1
vérzik,-1
hiba,-1
áldja,1
áldás,1
vak,-1
vakító,-1
vakítóan,-1
vak oldal,-1
boldogság,1
boldog,1
boldogan,1
hólyag,-1
hólyagosodás,-1
vidám,1
dagadt,-1
elzáródás,-1
kasszasiker,1
tökfej,-1
vérontás,-1
vérszomjas,-1
véres,-1
virágzás,1
kivirul,1
piros foltos,-1
ütés,-1
baklövés,-1
kétbalkezes,-1
baklövéseket,-1
tompa,-1
elhomályosít,-1
elhomályosítás,-1
elmosódott,-1
elhomályosítás,-1
homályos,-1
elmosódik,-1
kifecseg,-1
nagyképű,-1
visszariad,-1
hamis,-1
felforraljuk,-1
forró,-1
féktelen,-1
megerősít,1
bomba,-1
bombáz,-1
bombázás,-1
dagályos,-1
rabság,-1
bolond,-1
csinos,1
bónusz,1
bónuszokat,1
bumm,1
dübörög,1
lendületet,1
furat,-1
unott,-1
unalom,-1
furatok,-1
unalmas,-1
kontár,-1
zavar,-1
zavarta,-1
zavaró,-1
zavar,-1
kellemetlen,-1
határtalan,1
bőséges,1
bowdlerezni,-1
bojkott,-1
hetvenkedő,-1
kérkedő,-1
legokosabb,1
ostoba,-1
agymosás,-1
eszes,1
vadonatúj,1
pimasz,-1
pimaszul,-1
pimaszság,-1
vásott kölyök,-1
hősködés,-1
bátor,1
bátorság,1
bravó,1
arcátlan,-1
pimaszul,-1
pimaszság,-1
megszeg,-1
szünet,-1
szakítás,-1
szakítások,-1
bontás,-1
törés,-1
szünetek,-1
áttörés,1
áttöréseket,1
szakítás,-1
szakítások,-1
légszomj,1
lélegzetelállító,1
lélegzetelállítóan,1
szellő,1
megvesztegetés,-1
fényes,1
felvilágosítani,1
világosabb,1
legfényesebb,1
ragyogás,1
ragyogások,1
ragyogó,1
ragyogóan,1
kénkő,-1
fürge,1
sörte,-1
törékeny,-1
törött,-1
törött,-1
megtört szívű,-1
fészekalja,-1
testvéri,1
erőszakoskodik,-1
zúzódás,-1
véraláfutásos,-1
zúzódások,-1
zúzódás,-1
nyers,-1
brutális,-1
brutalizáló,-1
brutalitásokat,-1
durvaság,-1
kegyetlenkedik,-1
brutalizáló,-1
brutálisan,-1
durva,-1
állatias,-1
bs,-1
csat,-1
bogár,-1
bogarászni,-1
bricska,-1
hibákat,-1
terjedelmesebb,-1
terjedelmessége,-1
terjedelmes,-1
terjedelmesség,-1
bika,-1
bika****,-1
zaklatók,-1
bullish,1
hülyeség,-1
baromság,-1
terrorizál,-1
zaklatás,-1
zaklatóan,-1
ingyenélő,-1
ütődés,-1
megütközött,-1
döcögős,-1
döcögős,-1
dudorok,-1
göröngyös,-1
elfuserál,-1
pancser,-1
kontárkodás,-1
emeletes,-1
úszóképes,1
teher,-1
megterhelő,-1
megterhelően,-1
éget,-1
égett,-1
égő,-1
égési sérüléseket,-1
Mellbőség,-1
mellszobrok,-1
minden lében kanál,-1
hentes,-1
mészárszék,-1
zümmögő,-1
bizánci,-1
vihog,-1
hízelegve rábeszél,1
csapások,-1
szerencsétlen,-1
vészesen,-1
csapás,-1
érzéketlen,-1
nyugodt,1
megnyugtató,1
nyugalom,1
rágalmaz,-1
rágalmazás,-1
szidalmak,-1
rágalmazó,-1
káromlóan,-1
rágalom,-1
rák,-1
rákos,-1
kannibál,-1
kiszerel,-1
képesség,1
képes,1
ügyesen,1
leteszi a fegyvert,-1
szeszélyes,-1
szeszélyesen,-1
szeszélyesség,-1
felborul,-1
rabul ejteni,1
elbűvölő,1
gondtalan,1
gondatlan,-1
figyelmetlenség,-1
karikatúra,-1
vérontás,-1
ponty,-1
karikatúraszerű,-1
pénzszíjak,-1
pénzvisszafizetés,1
pénzvisszafizetések,1
büntet,-1
kasztrált,-1
sérülés,-1
felfordulás,-1
kataklizmális,-1
kataklizmikus,-1
kataklizmikusan,-1
katasztrófa,-1
katasztrófák,-1
végzetes,-1
katasztrofálisan,-1
katasztrófák,-1
fülbemászó,1
maró,-1
maró hatású,-1
figyelmeztető,-1
barlang,-1
ünnepel,1
ünnepelt,1
ünneplés,1
ünnepi,1
bírálja,-1
felháborodik,-1
pelyva,-1
bosszúság,-1
kihívást jelentő,-1
bajnok,1
bajnok,1
káosz,-1
kaotikus,-1
karizma,1
karizmatikus,1
jótékony,1
báj,1
bájos,1
elbűvölően,1
szemérmes,1
fegyelmez,-1
megbüntet,-1
büntetés,-1
fecsegés,-1
csacsogó,-1
olcsó,-1
leszállít,-1
olcsóbb,1
legolcsóbb,1
olcsón,-1
csal,-1
becsapott,-1
csaló,-1
csalás,-1
csal,-1
kockás,-1
éljenzés,1
vidám,1
szomorú,-1
derűs,1
sajtos,-1
dédelgetni,1
dédelgetett,1
kerub,1
sikkes,1
megró,-1
gyerekes,-1
hideg,-1
hűvös,-1
csicska,-1
lovagias,1
lovagiasság,1
fojtás,-1
kolerás,-1
fodrozódó,-1
házimunka,-1
krónikus,-1
vaskos,-1
udvariasság,1
civilizálni,1
kiabálás,-1
lármás,-1
világosság,1
összecsapás,-1
klasszikus,1
ízléses,1
tiszta,1
tisztító,1
legtisztább,1
tisztaság,1
tisztán,1
egyértelmű,1
tiszta vágás,1
törölve,1
világosabb,1
tisztán,1
tisztázza,1
okos,1
okosan,1
közhely,-1
sablonos,-1
klikk,-1
klumpa,-1
eltömődött,-1
klumpa,-1
felhő,-1
felhősödés,-1
felhős,-1
tanácstalan,-1
ügyetlen,-1
ügyetlen,-1
durva,-1
öntelt,-1
kényszeríteni,-1
kényszerítés,-1
kényszerítő,-1
összefügg,1
koherenciát,1
összefüggő,1
kohéziós,1
hideg,-1
fagyosan,-1
összeomlás,-1
összejátszanak,-1
összejátszás,-1
színes,1
harcias,-1
égni,-1
bájos,1
kényelem,1
kényelmes,1
kényelmesen,1
megnyugtató,1
kényelmes,1
komikus,-1
dicsérni,1
dicséretes,1
dicséretesen,1
sajnálkozik,-1
elkötelezettség,1
tágas,1
közhely,-1
zűrzavar,-1
zűrzavarok,-1
kompakt,1
kompaktan,1
együttérzés,1
könyörületes,1
összeegyeztethető,1
kompetitív,1
öntelt,-1
panaszkodik,-1
panaszkodott,-1
panaszkodva,-1
panaszkodik,-1
panasz,-1
panaszok,-1
kiegészítés,1
kiegészítő,1
kiegészítve,1
kiegészíti,1
összetett,-1
megfelelő,1
bonyolult,-1
szövődmény,-1
cinkos,-1
bók,1
ingyenes,1
átfogó,1
kényszer,-1
kényszeres,-1
elismerni,-1
elismerte,-1
önteltség,-1
öntelt,-1
concen,-1
concens,-1
vonatkozik,-1
érintett,-1
aggodalmak,-1
engedmény,-1
engedményeket,-1
kibékíteni,1
békülékeny,1
tömör,1
elítélni,-1
elítélendő,-1
kárhoztatás,-1
elítélt,-1
elítéli,-1
leereszkedik,-1
leereszkedő,-1
lekezelően,-1
leereszkedés,-1
bevallani,-1
gyónás,-1
vallomások,-1
bizalom,1
magabiztos,1
korlátozott,-1
konfliktus,-1
konfliktusos,-1
ellentmondó,-1
konfliktusok,-1
összezavarni,-1
összezavarodva,-1
zavaró,-1
szembesülni,-1
szembesítés,-1
konfrontatív,-1
összezavarni,-1
zavaros,-1
összezavarja,-1
zavaró,-1
zavar,-1
zavarok,-1
kellemes,1
zsúfolt,-1
torlódás,-1
gratulál,1
gratulálok,1
Gratulálunk,1
gratuláló,1
hátrányok,-1
lelkiismeretes,1
ellenérvek,-1
konzervatív,-1
előzékeny,1
következetes,1
következetesen,1
feltűnő,-1
feltűnően,-1
összeesküvések,-1
összeesküvés,-1
összeesküvő,-1
összeesküvő,-1
összeesküszik,-1
megdöbbenés,-1
konstruktív,1
tökéletes,1
fertőző,-1
beszennyezni,-1
szennyezett,-1
szennyezi,-1
szennyező,-1
szennyeződés,-1
megvetés,-1
megvetendő,-1
megvető,-1
lenézően,-1
versengenek,-1
állítás,-1
vitás,-1
megelégedés,1
folytonosság,1
eltorzít,-1
torzulások,-1
ellentmond,-1
ellentmondás,-1
ellentmondó,-1
különcködés,-1
kontrasztos,1
ellenkezik,-1
hozzájárulás,1
feltalál,-1
mesterkélt,-1
vitatott,-1
vita,-1
kényelem,1
kényelmes,1
kényelmesen,1
kényelem,1
kényelmes,1
kényelmes,1
meggyőző,1
meggyőzően,1
csavart,-1
menő,1
legmenőbb,1
szövetkezet,1
együttműködően,1
sarokkő,1
helyes,1
helyesen,1
rozsdásodik,-1
korrózió,-1
korróziók,-1
maró hatású,-1
korrupt,-1
sérült,-1
korrumpáló,-1
korrupció,-1
megrontja,-1
sérült,-1
költséghatékony,1
megtakarítás,1
költségesebb,-1
drága,-1
ellentámadás,1
ellentámadások,1
kontraproduktív,-1
kontraproduktív,-1
puccsisták,-1
bátorság,1
bátor,1
bátran,1
bátorság,1
udvarias,1
udvarias,1
szövetség,1
kapzsi,-1
gyáva,-1
gyáván,-1
kényelmes,1
zsémbes,-1
rés,-1
repedt,-1
repedések,-1
furfangosan,-1
ravaszul,-1
ravasz,-1
görcs,-1
görcsösen,-1
görcsös,-1
házsártos,-1
szar,-1
gagyi,-1
szar,-1
összeomlik,-1
lezuhant,-1
összeomlik,-1
összeomlik,-1
durva,-1
gyáva,-1
őrülten,-1
őrület,-1
őrülten,-1
őrület,-1
őrült,-1
nyikorog,-1
csikorgó,-1
csikorog,-1
kreatív,1
hitelét,1
hihető,1
hiszékeny,-1
kúszás,-1
kúszó,-1
libabőr,-1
hátborzongató,-1
lopódzott,-1
bűn,-1
Bűnügyi,-1
kínos,-1
összerándult,-1
összerándul,-1
nyomorék,-1
rokkant,-1
nyomorékok,-1
bénító,-1
válság,-1
ropogós,1
ropogósabb,1
kritikus,-1
kritikai,-1
kritika,-1
kritikák,-1
kritizálni,-1
kritizálta,-1
kritizálva,-1
kritikusok,-1
rokonság,-1
csaló,-1
görbe,-1
szélhámosok,-1
zsúfolt,-1
zsúfoltság,-1
nyers,-1
kegyetlen,-1
kegyetlenebb,-1
legkegyetlenebb,-1
kegyetlenül,-1
kegyetlenség,-1
kegyetlenségek,-1
kegyetlenség,-1
elmorzsol,-1
omladozó,-1
ócska,-1
összegyűr,-1
gyűrött,-1
összegyűrődik,-1
összetörni,-1
összetörve,-1
zúzó,-1
kiáltás,-1
bűnös,-1
tettes,-1
nehézkes,-1
köcsög,-1
köcsögök,-1
tettes,-1
gyógymód,1
gyógyíts meg mindent,1
átok,-1
átkozott,-1
átkokat,-1
kurta,-1
kényelmes,1
szitok,-1
megátalkodott,-1
aranyos,1
cukiság,1
gyilkos,-1
cinikus,-1
cinizmus,-1
d*mn,-1
kár,-1
sérült,-1
kártérítés,-1
károsító,-1
átkozott,-1
kárhozatos,-1
kárhozatos módon,-1
kárhozat,-1
Átkozott,-1
kárhoztat,-1
csillapító,-1
veszély,-1
veszélyes,-1
veszélyesség,-1
danke,1
danken,1
merész,1
merészen,1
sötét,-1
sötétedni,-1
elsötétült,-1
sötétebb,-1
sötétség,-1
Drágám,1
rámenős,1
hitvány féreg,-1
hitvány,-1
megfélemlít,-1
ijesztő,-1
elrettentően,-1
rettenthetetlen,1
cselleng,-1
hajnal,1
kábít,-1
kábultan,-1
káprázat,1
elkápráztatott,1
kápráztató,1
halott,-1
halál olcsó,1
halott,1
holtfáradt,-1
holtpont,-1
halálos,-1
holtteher,-1
süket,-1
ínség,-1
halál,-1
bukás,-1
lealáz,-1
lealacsonyodás,-1
debaser,-1
vitatható,-1
dorbézolás,-1
kicsapongó,-1
kicsapongás,-1
elgyöngít,-1
legyengítő,-1
gyengeség,-1
adósság,-1
adósságokat,-1
dekadencia,-1
dekadens,-1
hanyatlás,-1
elromlott,-1
csalás,-1
csaló,-1
álnokan,-1
csalás,-1
megtéveszteni,-1
megtévesztő,-1
csalók,-1
megtévesztve,-1
tisztesség,1
megfelelő,1
megtévesztés,-1
megtévesztő,-1
megtévesztően,-1
döntő,1
Döntésképesség,1
szaval,-1
hanyatlás,-1
visszaesik,-1
hanyatló,-1
csökkenése,-1
elaggott,-1
elaggás,-1
becsmérel,-1
dedikált,1
rágalmazás,-1
rágalmazások,-1
gyalázkodó,-1
rágalmaz,-1
vereség,1
legyőzött,1
legyőzni,1
vereségeket,1
disszidál,-1
hibás,-1
hibákat,-1
védő,1
védekező,-1
beleegyezés,1
ellenszegülés,-1
dacos,-1
dacosan,-1
hiányosságokat,-1
hiány,-1
hiányos,-1
hegyszoros,-1
beszennyező,-1
deformálódik,-1
deformált,-1
csaló,-1
ügyes,1
elhunyt,-1
dacol,-1
elfajzott,-1
degeneráltan,-1
degeneráció,-1
deginált,1
degradáció,-1
lefokozni,-1
megalázó,-1
megalázóan,-1
dehumanizálás,-1
emberi mivoltából kivetkőztet,-1
méltóztassék,-1
elcsüggeszt,-1
levert,-1
csüggedten,-1
levertség,-1
késleltetés,-1
késleltetett,-1
késleltetve,-1
késések,-1
kellemes,1
finomság,1
törékeny,1
finom,1
élvezet,1
elragadtatva,1
elragadó,1
elragadóan,1
elragadóság,1
bűnözés,-1
vétkes,-1
eszelős,-1
delírium,-1
becsap,-1
megtévedt,-1
özönvíz,-1
csalódás,-1
káprázatos,-1
téveszmék,-1
viselkedik,-1
lealacsonyító,-1
pusztulás,-1
lebontani,-1
bontó,-1
démon,-1
démoni,-1
démonizálni,-1
démonizált,-1
démonizálja,-1
démonizáló,-1
demoralizál,-1
demoralizáló,-1
demoralizálóan,-1
tagadás,-1
tagadta,-1
tagadja,-1
becsmérelni,-1
felmondani,-1
sűrű,-1
horpadás,-1
horpadt,-1
horpadások,-1
felmondani,-1
felmondás,-1
feljelentéseket,-1
tagadni,-1
tagadva,-1
megbízható,1
megbízhatóan,1
kimerül,-1
siralmas,-1
siralmasan,-1
sajnálja,-1
sajnálatos,-1
sajnálatos módon,-1
megront,-1
romlott,-1
romlottan,-1
könyörög,-1
lenyomja,-1
nyomott,-1
nyomasztó,-1
nyomasztóan,-1
depresszió,-1
depressziók,-1
megfosztani,-1
megfosztva,-1
kinevet,-1
gúny,-1
gúnyos,-1
gúnyosan,-1
gúnyolódás,-1
méltatlan,-1
meggyaláz,-1
sivatag,-1
dezertálás,-1
megérdemelten,1
érdemes,1
kiszárít,-1
kiszáradt,-1
kívánatos,1
arra vágyva,1
vágyó,1
hiányzó,-1
elhagyatott,-1
elhagyatottan,-1
elhagyatottság,-1
kétségbeesés,-1
kétségbeesett,-1
kétségbeesetten,-1
kétségbeesett,-1
kétségbeesetten,-1
kétségbeesés,-1
megvetendő,-1
aljasan,-1
megvet,-1
megvetette,-1
kifoszt,-1
depoiler,-1
csüggedtség,-1
reménytelenség,-1
csüggedt,-1
csüggedten,-1
zsarnok,-1
zsarnoki,-1
zsarnokság,-1
destabilizáció,-1
destains,-1
sors,1
nyomorgó,-1
nélkülözés,-1
elpusztítani,-1
romboló,-1
megsemmisítés,-1
romboló,-1
ötletszerű,-1
levehető,1
elriasztani,-1
romlik,-1
romló,-1
romlása,-1
elrettentő,-1
utálni,-1
utálatos,-1
utálatos módon,-1
utálják,-1
utálatos,-1
gyűlöl,-1
rontja,-1
csorbította,-1
lehangoló,-1
kisebbítés,-1
csorbítja,-1
kárára,-1
hátrányos,-1
elpusztít,-1
elpusztított,-1
pusztít,-1
pusztító,-1
pusztítóan,-1
pusztulás,-1
eltér,-1
eltérés,-1
ördög,-1
ördögi,-1
ördögien,-1
ördöngösség,-1
gonoszkodás,-1
fondorlatos,-1
ravaszul,-1
csavaros észjárás,-1
mentes,-1
istenfélő,1
ügyes,1
ügyesen,1
ügyes,1
ördögi,-1
ördögi,-1
ördögien,-1
diametrálisan,-1
csalódott,-1
gyalázkodás,-1
diatribes,-1
fasz,-1
diktátor,-1
diktatórikus,-1
meghal,-1
drágán add az életed,-1
meghalt,-1
meghal,-1
nehéz,-1
nehézségek,-1
nehézség,-1
bátortalanság,-1
méltóságteljes,1
megtisztel,1
méltóság,1
rozoga,-1
dilemma,-1
szorgalom,1
szorgalmas,1
szorgalmasan,1
dilly dally,-1
homályos,-1
halványabb,-1
lárma,-1
ding,-1
dörömböl,-1
jelentéktelen,-1
diplomáciai,1
szörnyű,-1
borzasztóan,-1
rémület,-1
piszok,-1
olcsón,1
piszokzsák,-1
piszokzsákok,-1
piszok,-1
piszkos,-1
letiltása,-1
Tiltva,-1
ellentét,-1
hátrány,-1
hátrányos,-1
hátrányos,-1
hátrányai,-1
elégedetlen,-1
elégedetlen,-1
ellenkezőjét állítja,-1
nem ért egyet,-1
kellemetlen,-1
kellemetlenül,-1
nem értett egyet,-1
nem ért egyet,-1
nézeteltérés,-1
nem ért egyet,-1
letilt,-1
csalódott,-1
kiábrándító,-1
csalódás,-1
csalódást okozni,-1
csalódott,-1
kiábrándító,-1
kiábrándítóan,-1
csalódás,-1
csalódások,-1
csalódást okoz,-1
helytelenítés,-1
rosszallás,-1
helyteleníteni,-1
rosszalló,-1
lefegyverezni,-1
rendetlenség,-1
katasztrófa,-1
katasztrofális,-1
katasztrofális,-1
katasztrofálisan,-1
tagad,-1
elutasítás,-1
hitetlenség,-1
nem hisz,-1
hitetlen,-1
lemondani,-1
szétzilálni,-1
megver,-1
kényelmetlenség,-1
kényelmetlenség,-1
nyugtalanít,-1
meghiúsít,-1
megzavarta,-1
nyugtalanító,-1
nyugtalanítóan,-1
vigasztalhatatlan,-1
vigasztalóan,-1
vigasztalás,-1
elégedetlenség,-1
elégedetlen,-1
elégedetlenül,-1
megszakított,-1
folytonossági hiány,-1
szakaszos,-1
viszály,-1
disszonancia,-1
diszharmonikus,-1
helytelenít,-1
elcsüggedni,-1
csüggedés,-1
elkedvetlenítő,-1
csüggesztően,-1
udvariatlan,-1
udvariatlanul,-1
diszkontív,-1
hitelteleníteni,-1
eltérő,-1
megkülönböztetni,-1
megkülönböztetés,-1
diszkriminatív,-1
megvetés,-1
megvetve,-1
megvető,-1
megvetően,-1
helytelenít,-1
szégyen,-1
megszégyenült,-1
szégyenletes,-1
gyalázatosan,-1
elégedetlenné tesz,-1
elégedetlen,-1
undor,-1
felháborodott,-1
undorodva,-1
undorító,-1
undorítóan,-1
undorító,-1
undorítóan,-1
elcsüggeszt,-1
elkeserítő,-1
elkeserítően,-1
tisztességtelen,-1
becstelenül,-1
tisztességtelenség,-1
becstelenség,-1
becstelen,-1
becstelenül,-1
kiábrándulás,-1
kiábrándult,-1
kiábrándulás,-1
kiábrándultságokat,-1
ellenszenv,-1
kedvetlen,-1
hamis,-1
szemtelenül,-1
szétesik,-1
szétesett,-1
szétesik,-1
szétesés,-1
érdektelenség,-1
önzetlen,-1
ellenszenv,-1
nem tetszett,-1
nem szereti,-1
ellenszenves,-1
kimozdult,-1
hűtlen,-1
hűtlenség,-1
komor,-1
szomorúan,-1
lehangoltság,-1
döbbenet,-1
döbbenten,-1
elszomorító,-1
elrettentően,-1
elutasító,-1
elutasítóan,-1
engedetlenség,-1
engedetlen,-1
ellenszegül,-1
engedetlen,-1
rendellenesség,-1
rendezetlen,-1
rendetlen,-1
szervezetlen,-1
megzavar,-1
dezorientált,-1
megtagad,-1
becsmérel,-1
becsmérlő,-1
becsmérlően,-1
nélkülözhető,-1
elcsüggeszt,-1
csüggedt,-1
elkeseredetten,-1
elkeserítő,-1
kiszorítani,-1
kiszorított,-1
nemtetszését,-1
elégedetlen,-1
nem tetsző,-1
nemtetszését,-1
aránytalan,-1
cáfolni,-1
vitatható,-1
vita,-1
vitatott,-1
nyugtalanság,-1
nyugtalanító,-1
nyugtalanítóan,-1
nyugtalanság,-1
figyelmen kívül hagyni,-1
figyelmen kívül hagyó,-1
rosszhírű,-1
rossz hírnév,-1
tiszteletlenség,-1
tiszteletlen,-1
tiszteletlenség,-1
tiszteletlen,-1
tiszteletlenül,-1
tiszteletlenség,-1
tiszteletlen,-1
megzavarni,-1
zavar,-1
bomlasztó,-1
diss,-1
csalódott,-1
csalódott,-1
kiábrándító,-1
elégedetlenség,-1
elégtelen,-1
elégedetlen,-1
elégedetlen,-1
nem elégít ki,-1
elégedetlen,-1
disszidált,-1
eltitkol,-1
képmutató,-1
széthúzás,-1
nézeteltérés,-1
elpártoló,-1
nézeteltérés,-1
rossz szolgálat,-1
disszál,-1
nézeteltérés,-1
szakadár,-1
disszidensek,-1
disszidáló,-1
disszociális,-1
kicsapongó,-1
pusztulás,-1
disszonancia,-1
disszonáns,-1
disszonánsan,-1
lebeszélni,-1
visszatartó erejű,-1
elutasítja,-1
ellenszenv,-1
undorító,-1
gusztustalanul,-1
megkülönböztetés,1
megkülönböztető,1
kiváló,1
torzítani,-1
eltorzult,-1
torzítás,-1
torzítja,-1
elvonja a figyelmet,-1
zavaró,-1
figyelemelterelés,-1
zavarodott,-1
elkeseredetten,-1
elkeseredettség,-1
szorongás,-1
szomorú,-1
lesújtó,-1
elszomorítóan,-1
bizalmatlanság,-1
gyanakvó,-1
bizalmatlan,-1
zavarni,-1
zavarás,-1
zavart,-1
zavaró,-1
zavaróan,-1
megbontottság,-1
lebecsülni,-1
divergens,-1
változatos,1
isteni,1
istenien,1
megosztó,-1
megosztóan,-1
megosztottság,-1
szédítő,-1
szédítően,-1
szédülő,-1
botorkáló,-1
ügyeskedő,-1
makacs,-1
makacsul,-1
dogmatikus,-1
nyugtalanság,-1
uralni,1
uralta,1
dominál,1
uralkodik,-1
hatalmaskodó,-1
donside,-1
végzet,-1
kudarcra ítélt,-1
utolsó ítélet,-1
kábítószer,-1
fecseg,1
kedvesen,1
kétség,-1
kétséges,-1
kétségesen,-1
kétségtelenül,1
kétségek,-1
douchbag,-1
dög,-1
tuskó,-1
levert,-1
lehangolt,-1
lefelé,-1
bukás,-1
lebukott,-1
leminősítés,-1
lehangolt,-1
leverten,-1
lesiklás,-1
hátránya,-1
hátrányok,-1
visszaesés,-1
visszaesések,-1
sárgásszürke,-1
drákói,-1
drákói,-1
húzza,-1
vonszolta,-1
vonszolva,-1
dragonyos,-1
húzza,-1
csatorna,-1
lecsapolt,-1
leeresztés,-1
lefolyók,-1
drasztikus,-1
drasztikusan,-1
hátrány,-1
hátrányai,-1
retteg,-1
szörnyű,-1
rettenetesen,-1
rettegés,-1
álom ország,1
sivár,-1
csöpögött,-1
csöpögő,-1
csöpögős,-1
csöpög,-1
drónok,-1
elhervad,-1
leesik,-1
kidobni,-1
kiesők,-1
kidobni,-1
kiesők,-1
aszály,-1
fulladás,-1
részeg,-1
iszákos,-1
ittas,-1
kétes,-1
kétségesen,-1
megkérdőjelezhető,-1
dud,-1
unalmas,-1
tökfej,-1
néma,-1
megdöbbent,-1
megdöbbenve,1
megdöbbentő,1
hamis bizonyíték,1
lerak,-1
lerakták,-1
dömping,-1
guba,-1
tökfilkó,-1
kazamata,-1
kazamaták,-1
balek,-1
tartós,1
por,-1
poros,-1
apadó,-1
haldoklik,-1
dinamikus,1
mohó,1
mohón,1
vágy,1
komoly,1
komolyan,1
komolyság,1
fülrepesztő,-1
könnyedség,1
enyhült,1
megkönnyíti,1
könnyebb,1
legkönnyebb,1
könnyűség,1
enyhülés,1
könnyen,1
könnyen kezelhető,1
lezser,1
felforrás,1
tomboló,1
harsányan,1
különc,-1
különcség,-1
gazdaságos,1
gazdaságos,1
eksztázisok,1
eksztázis,1
elragadtatott,1
eksztatikusan,1
oktat,1
művelt,1
hatékony,1
hatékonyan,1
hatékonyság,1
hatékony,1
hatékony,1
hatékony,1
hatékonyan,1
képmás,-1
erőfeszítés nélkül,1
erőfeszítés nélkül,1
arcátlanság,-1
effúzió,1
dagályos,1
kiadósan,1
ömlesztettség,1
önző,-1
önzés,-1
beképzeltség,-1
egoista,-1
egoistán,-1
hallatlan,-1
kirívóan,-1
lendület,1
emelkedett,1
felajzott,1
felvidultan,1
euphoria,1
választási csaló,-1
felvillanyoz,1
elegancia,1
elegáns,1
elegánsan,1
emelni,1
megszüntetése,-1
elit,1
ékesszólás,1
ékesszóló,1
ékesszólóan,1
lesoványodott,-1
gyengít,-1
zavarba hoz,-1
kínos,-1
kínosan,-1
zavar,-1
összecsapott,-1
felbátorít,1
összezavar,-1
zavarodott,-1
zűrzavar,-1
vészhelyzet,-1
magaslat,1
kimagasló,1
együttérez,1
empátia,1
hangsúlyos,-1
nyomatékosan,-1
felhatalmazza,1
Felhatalmazás,1
üresség,-1
elvarázsol,1
elvarázsolt,1
varázslatos,1
elbűvölően,1
ösztönözni,1
bátorítás,1
bátorító,1
biztatóan,1
behatolni,-1
beavatkozás,-1
veszélyeztetni,-1
megszerettet,1
szeretnivaló,1
támogatni,1
jóváhagyta,1
jóváhagyás,1
támogatja,1
jóváhagyásával,1
ellenségek,-1
ellenség,-1
energikus,1
energetizálni,1
energiahatékony,1
energiatakarékos,1
erőtlen,-1
elgyengít,-1
lángra lobbantani,-1
megnyerő,1
lekötő,1
elnyel,-1
fokozza,1
fokozott,1
fokozás,1
fokozza,1
parancsol,-1
Élvezd,1
élvezetes,1
élvezetesen,1
élvezte,1
élvezve,1
élvezet,1
élvezi,1
felvilágosít,1
felvilágosodás,1
lelkesít,1
ellenségeskedés,-1
nemesít,1
elég,1
feldühít,-1
feldühített,-1
dühítő,-1
elragadtatva,1
elbájol,1
elragadtatva,1
gazdagítani,1
dúsítás,1
rabszolgává tenni,-1
összezavar,-1
összefonódás,-1
vállalkozó szellemű,1
szórakoztatni,1
szórakoztató,1
szórakoztat,1
elbűvöl,1
elbűvöl,1
elragadtatva,1
lelkesedik,1
lelkesedés,1
lelkes,1
lelkes,1
lelkesen,1
csábít,1
csábította,1
csábító,1
csábítóan,1
elbűvölt,1
elbűvölő,1
befogni,-1
beszorulás,-1
megbíz,1
irigylésre méltó,1
irigylésre méltóan,1
irigy,1
irigykedve,1
irigység,1
irigység,1
járvány,-1
igazságos,1
kétértelmű,-1
törli,-1
ergonomikus,1
erodálják,-1
erodálódik,-1
erózió,-1
téved,-1
hibamentes,1
tévelygő,-1
akadozó,-1
szabálytalanul,-1
téves,-1
tévesen,-1
hiba,-1
hibákat,-1
művelt,1
kitörések,-1
kaland,-1
kikerül,-1
elidegenedett,-1
etikai,1
dicsér,1
eufória,1
eufórikus,1
euforikusan,1
elkerülni,-1
értékelő,1
kitérés,-1
kitérő,-1
egyenletesen,1
eseménydús,1
örökkévaló,1
gonosz,-1
gonosztevő,-1
gonoszságok,-1
kizsigerel,-1
felidéző,1
súlyosbítja,-1
eltúlozni,-1
túlzott,-1
eltúlozza,-1
túloz,-1
túlzás,-1
felemel,1
túlfűtöttség,1
emelkedett,1
fennkölten,1
felmagasztaló,1
felmagasztalóan,1
példakép,1
példamutató,1
súlyosbít,-1
ingerülten,-1
bosszantó,-1
elkeserítően,-1
elkeseredés,-1
kiváló,1
meghaladja,1
meghaladta,1
meghaladja,1
felettébb,1
meghaladja,1
excel,1
kitűnt,1
kiváló,1
kiváló,1
kitűnt,1
kiválóság,1
kiválóság,1
kiváló,1
kiválóan,1
jeleskedik,1
kivételes,1
kivételesen,1
túlzott,-1
rendkívül,-1
izgat,1
izgatott,1
izgatottan,1
izgatottság,1
izgalom,1
izgat,1
izgalmas,1
izgalmasan,1
kirekesztés,-1
feldörzsöl,-1
kínzó,-1
kínzóan,-1
mentség,-1
kifogásokat,-1
utál,-1
kiváló,1
példakép,1
példamutató,1
kipufogó,-1
kimerült,-1
kimerültség,-1
kipufogók,-1
felvidít,1
lelkesítő,1
izgatóan,1
jókedv,1
túlzó,-1
buzdítani,-1
száműzetés,-1
felmenteni,1
túlzó,-1
túlzás,-1
mértéktelenül,-1
kiterjedt,1
gyorsan,1
kiutasítani,-1
drága,-1
szakszerűen,1
lejár,-1
lejárt,-1
felrobban,-1
kihasználni,-1
kizsákmányolás,-1
robbanó,-1
kisajátítani,-1
kisajátítás,-1
kiutasítani,-1
kitöröl,-1
tökéletes,1
kitűnően,1
kiirtani,-1
kiirtás,-1
eloltani,-1
magasztal,1
magasztal,1
kicsikarni,-1
zsarolás,-1
idegen,-1
rendkívüli módon,1
rendkívüli,1
pazarlás,-1
extravagáns,-1
extravagánsan,-1
szélsőségesség,-1
szélsőséges,-1
szélsőségesek,-1
gazdagság,1
dús,1
dúsan,1
ujjong,1
ujjongó,1
ujjongás,1
ujjongva,1
szemfogás,1
szemrevaló,1
szemrevaló,1
szemrevaló,1
szemet bántó,-1
f**k,-1
gyárt,-1
gyártás,-1
mesés,1
mesésen,1
tréfás,-1
tréfásan,-1
megkönnyíti,1
nem sikerül,-1
nem sikerült,-1
hiányában,-1
nem sikerül,-1
kudarc,-1
kudarcok,-1
elájul,-1
gyengécske,-1
becsületes,1
meglehetősen,1
méltányosság,1
hit,1
hűséges,1
hűségesen,1
hűség,1
hűtlen,-1
hamisítvány,-1
esik,-1
tévedések,-1
csalóka,-1
hamisan,-1
félrevezetés,-1
tévedés,-1
elesett,-1
eső,-1
kiesik,-1
esik,-1
hamis,-1
hazugság,-1
hamisan,-1
meghamisítani,-1
akadozik,-1
megingott,-1
hírnév,1
híres,1
éhínség,-1
kiéhezett,-1
híres,1
remekül,1
fanatikus,-1
fanatikus,-1
fanatikusan,-1
fanatizmus,-1
fanatikusok,-1
szakértő,1
furcsa,-1
elbűvölő,1
díszes,1
harsonaszó,1
rajongók,1
fantasztikus,1
fantasztikusan,1
túlzás,-1
komédia,-1
nevetséges,-1
"bohózat, de provokatív",-1
bohózatosan,-1
túlzás,-1
elbűvöl,1
elbűvölő,1
lenyűgözően,1
bűvölet,1
fasizmus,-1
fasiszta,-1
divatos,1
divatosan,1
gyors,1
gyorsan növekvő,1
gyors tempójú,1
gyorsabban,1
leggyorsabb,1
leggyorsabban növekvő,1
kényes,-1
szorgalmasan,-1
lendületes,-1
zsír,-1
Kövér macska,-1
Kövér macskák,-1
halálos,-1
fatalista,-1
fatalisztikusan,-1
végzetesen,-1
Kövér macska,-1
Kövér macskák,-1
végzetes,-1
végzetesen,-1
mérhetetlen,-1
fáradtság,-1
fáradt,-1
fáradtság,-1
zsíros,-1
ostobaság,-1
ostoba,-1
ostobán,-1
hiba,-1
hibátlan,1
hibákat,-1
hibás,-1
kedvenc,1
kedvenc,1
szívességet,1
kedvező,1
kedvelt,1
kedvenc,1
kedvence,1
szívességet,1
őzően,-1
faze,-1
félelem,-1
félelmetes,-1
félve,-1
rettenthetetlen,1
félelem nélkül,1
félelmek,-1
félelmetes,-1
megvalósítható,1
megvalósítható,1
feat,1
jellemző gazdag,1
szerencsés,1
felelőtlen,-1
gyenge,-1
erőtlenül,-1
gyenge gondolkodású,-1
kitalál,-1
tettetés,-1
fergeteges,1
szerencsét kíván vkinek,1
szerencsés,1
boldogság,1
leesett,-1
gonosztevő,-1
gonosz,-1
vadul,-1
vadság,-1
termékeny,1
buzgó,1
buzgón,1
heves,1
buzgón,1
buzgalom,1
ünnepies,1
bűzös,-1
láz,-1
lázas,-1
láz,-1
kudarc,-1
füllent,-1
hazudós,-1
ingatag,-1
kitaláció,-1
kitalált,-1
kitalált,-1
hűség,1
izgul,-1
ideges,-1
ördög,-1
ördögi,-1
vad,-1
tüzes,1
orrszobor,-1
piszok,-1
mocskos,-1
csal,-1
bírság,1
jól néz ki,1
finoman,1
finomabb,1
legjobb,1
válogatós,-1
szilárdabb,1
első osztály,1
első az osztályban,1
első osztályú,1
repedések,-1
ököl,-1
megdöbbent,-1
elképedt,-1
lobogó,-1
botrányos,-1
kirívóan,-1
érzék,-1
érzékek,-1
flak,-1
pehely,-1
pelyhes,-1
pelyhességet,-1
hámlás,-1
pelyhes,-1
fellobbanás,-1
fáklyák,-1
lángra lobban,-1
Fáklyák,-1
feltűnő,1
kudarcba fullad,-1
hízeleg,1
hízelgő,1
hízelgően,1
kérkedik,-1
hiba,-1
hibás,-1
hibátlan,1
hibátlanul,1
hibákat,-1
menekülni,-1
elmenekült,-1
menekülő,-1
gúnyos fintor,-1
menekül,-1
múló,-1
rugalmasság,1
rugalmas,1
pislákoló,-1
vibrálás,-1
pislákoló,-1
villog,-1
léha,-1
ostobaság,-1
gyenge,-1
flört,-1
kacér,-1
padlózott,-1
lepényhal,-1
csapongó,-1
virágozni,1
virágzó,1
gúnyolódás,-1
folyékony,1
izgalom,-1
csapkod,1
ellenség,-1
kedvel,1
gyengéden,1
szeretet,1
bolond,-1
megbolondítva,-1
vakmerő,-1
bolond,-1
ostobán,-1
ostobaság,-1
üzembiztos,1
tiltani,-1
tiltott,-1
tiltó,-1
erőteljes,-1
rossz előérzet,-1
előre sejtetve,-1
legelső,1
előrelátás,1
bánatpénz,-1
kovácsolt,-1
feledékeny,-1
önfeledten,-1
feledékenység,-1
kétségbeesett,-1
szánalmasan,-1
félelmetes,1
elhagy,-1
elhagyott,-1
esküvel tagad,-1
bátorság,1
véletlen,1
véletlenül,1
szerencsés,1
szerencsére,1
szerencse,1
szabálytalan,-1
piszkosan,-1
ocsmányság,-1
morcos,-1
törékenyen,-1
törés,-1
törékeny,-1
töredezett,-1
illatos,1
törékeny,-1
őrjöngő,-1
eszeveszetten,-1
eszeveszetten,-1
csalás,-1
csaló,-1
teli,-1
rojt,-1
összetört,-1
szörnyszülött,-1
rohadt,-1
szeszélyes,-1
furcsán,-1
korcsok,-1
ingyenes,1
kiszabadult,1
szabadság,1
szabadságjogokat,1
fagy,-1
lefagy,-1
fagyasztó,-1
őrületes,-1
frenetikusan,-1
dühöngő,-1
örület,-1
friss,1
frissebb,1
legfrissebb,1
izgulni,-1
bosszús,-1
idegesíti,-1
súrlódás,-1
súrlódások,-1
sült,-1
barátság,1
barátságos,1
friggin,-1
nyamvadt,-1
ijedtség,-1
megijeszteni,-1
ijesztő,-1
félelmetesen,-1
ijesztő,-1
ijesztően,-1
frigid,-1
vidámság,1
fagy,-1
ráncolja a homlokát,-1
megfagyott,-1
fagyott,-1
takarékos,1
gyümölcsöző,1
meddő,-1
eredménytelenül,-1
meghiúsítani,-1
frusztrált,-1
frusztrálja,-1
frusztráló,-1
elkeserítően,-1
csalódottság,-1
frusztrációk,-1
ftw,1
bassza meg,-1
kibaszott,-1
fudge,-1
szökevény,-1
teljesítés,1
teljes értékű,-1
mennydörög,-1
ügyetlenül kezel,-1
füst,-1
gőzök,-1
mulatság,1
fundamentalizmus,-1
funky,-1
viccesen,-1
vicces,-1
dühös,-1
dühösen,-1
ihlet,-1
düh,-1
fontoskodás,-1
fontoskodó,-1
megkorbácsol,-1
dohos,-1
hiábavaló,-1
hiábavalóan,-1
hiábavalóság,-1
futurisztikus,1
futurisztikus,1
elmosódott,-1
hadarás,-1
szigony,-1
tapintatlanság,-1
vidámság,1
derűsen,1
nyereség,1
szerzett,1
jövedelmező,1
nyereségesen,1
megszerzése,1
nyereséget,1
ellentmond,-1
ellenző,-1
epe,-1
bátor,1
bátran,1
bosszantó,-1
ingerülten,-1
epe,-1
bőven,1
gengszter,-1
ásítás,-1
szemét,-1
rikító,-1
zihál,-1
esetlen,-1
tarka,-1
gawk,-1
esetlen,-1
geekier,1
stréberes,1
öreg szivar,-1
drágakő,1
drágaköveket,1
nagylelkűség,1
nagylelkű,1
bőkezűen,1
derűs,1
zseni,1
fajirtás,-1
kedves,1
legszelídebb,1
őszinte,1
meggazdagodni,-1
kísérteties,-1
gettó,-1
szellemkép,-1
makog,-1
halandzsa,-1
csúfolódás,-1
szeleburdi,-1
tehetséges,1
trükk,-1
trükközve,-1
trükközés,-1
trükkök,-1
trükkös,-1
boldog,1
felvidít,1
örömmel,1
öröm,1
elbűvölő,1
ragyogás,-1
ragyogóan,-1
vidámság,1
vidám,1
vidáman,1
sima,-1
simán,-1
pislákol,1
csillogó,1
csillog,1
csillogó,1
hiba,-1
hibákat,-1
csillám,1
csillogás,1
kéjsóváran,-1
sötétség,-1
komor,-1
dicsőíteni,1
dicső,1
dicsőségesen,1
dicsőség,1
világít,1
mogorván néz,-1
fénylő,1
izzóan,1
komor,-1
jóllakottság,-1
rágcsálni,-1
ösztöke,-1
NÓGATÁS,-1
isten borzasztó,-1
istenadta,1
isten küldje,1
isteni,1
szerencsés véletlen,1
Arany,1
aranysárga,1
jó,1
jól,1
jóság,1
jóakarat,1
hülye,-1
ostoba,-1
tovább,-1
jó,1
jóóóó,1
gyönyörű,1
pompásan,1
pletyka,-1
kegyelem,1
kecses,1
kecsesen,1
félszeg,-1
kegyetlenül,-1
kegyes,1
kedvesen,1
irgalom,1
oltás,-1
szemcsés,-1
nagy,1
nagyság,1
dulakodás,-1
rostély,-1
hálás,1
hálásan,1
kielégítés,1
elégedetten,1
örömet okoz,1
kielégít,1
örömteli,1
örömtelien,1
rács,-1
hála,1
komolyan,-1
zsíros,-1
nagy,1
legnagyobb,1
nagyság,1
kapzsiság,-1
kapzsi,-1
bánat,-1
sérelem,-1
sérelmek,-1
bánt,-1
gyászoló,-1
fájdalmas,-1
súlyosan,-1
zord,-1
fintor,-1
vigyorog,1
darál,-1
kapaszkodó,-1
hasfájás,-1
szörnyű,-1
kavicsos,-1
bruttó,-1
durván,-1
groteszk,-1
rosszkedv,-1
nyűgös,-1
úttörő,1
alaptalan,-1
nyírfajd,-1
morgás,-1
ellenszenv,-1
haragot,-1
rosszkedvű,-1
kelletlenül,-1
hátborzongató,-1
borzasztóan,-1
mogorva,-1
morog,-1
morcosabb,-1
legmogorvabb,-1
morcosan,-1
morcos,-1
zsémbes,-1
garancia,1
tanácsadás,1
ravaszság,-1
bűnösség,-1
bűnösen,-1
ártatlan,1
bűnös,-1
hiszékeny,-1
sütnivaló,1
áradat,1
ízlés,1
zsigeri,-1
merész,1
esővízcsatorna,-1
csapkod,-1
hackek,-1
szikár,-1
alkudozik,-1
jégeső,1
hajhullás,-1
jégmadár,1
hale,1
bátortalan,-1
kedvetlenül,-1
fémjel,1
fémjelek,1
megszentelt,1
hallucinál,-1
hallucináció,-1
akadályoz,-1
akadályozva,-1
fogyatékos,-1
kézenfekvőbb,1
kézenfekvően,1
kezeket le,1
jóképű,1
csinosan,1
ügyes,1
lóg,-1
lóg,-1
rendszertelenül,-1
szerencsétlen,-1
boldogabb,1
boldogan,1
boldogság,1
boldog,1
szónoklat,-1
zaklat,-1
zaklatott,-1
zaklatja,-1
zaklatás,-1
rejtőzködő,-1
kikötők,-1
kemény,-1
erős ütés,-1
kemény vonal,-1
kemény bélés,-1
dolgos,1
hardball,-1
megkeményedik,-1
edzett,-1
keményfejű,-1
keményszívű,-1
keményebb,1
keményvonalas,-1
keményvonalasok,-1
nehézség,-1
nehézségek,-1
szívós,1
sérelem,-1
sérült,-1
káros,-1
ártalmatlan,1
harmonikus,1
harmonikusan,1
harmonizálja,1
harmónia,1
károkat okoz,-1
hárpia,-1
satrafa,-1
zaklatott,-1
borona,-1
durva,-1
durván,-1
hasseling,-1
szóváltás,-1
zaklatott,-1
szóváltások,-1
sietség,-1
sietősen,-1
elhamarkodott,-1
gyűlöl,-1
gyűlölt,-1
utálatos,-1
gyűlölködően,-1
gyűlölködés,-1
utáló,-1
utálók,-1
gyűlöl,-1
gyűlölni,-1
gyűlölet,-1
gőgösen,-1
gőgös,-1
tanya,-1
kísértő,-1
pusztítás,-1
sólyomszerű,-1
megkergült,-1
veszély,-1
veszélyes,-1
köd,-1
ködös,-1
fejfájás,-1
fejfájás,-1
fejfájás,-1
előre haladva,1
gyógyít,1
egészséges,1
egészséges,1
szívtörő,-1
szívfacsaró,-1
szívszorítóan,-1
buzdít,1
lelkesítő,1
őszinte,1
szívélyesen,1
szívtelen,-1
szívmelengető,1
pogány,-1
menny,1
mennyei,1
nehézkezű,-1
nehéz szívű,-1
fene,-1
gerebenez,-1
felkacagott,-1
heccsel,-1
hektikus,-1
sövény,-1
hedonista,-1
figyelmetlen,-1
izmos,-1
hegemónizmus,-1
hegemónista,-1
hegemónia,-1
kegyetlen,-1
pokol,-1
pokol hajlott,-1
ördögfióka,-1
poklok,-1
segített,1
hasznos,1
segítve,1
tehetetlen,-1
tehetetlenül,-1
tehetetlenség,-1
eretnekség,-1
eretnek,-1
eretnek,-1
hős,1
hősies,1
hősiesen,1
hősnő,1
heroizálni,1
hősök,1
habozó,-1
habozó,-1
förtelmes,-1
förtelmesen,-1
förtelmesség,-1
magas árú,-1
jó minőség,1
jókedvű,1
vicces,1
vicces,-1
akadályozzák,-1
akadály,-1
sziszegés,-1
sziszegte,-1
sziszegő,-1
ho hum,-1
felhalmoz,-1
félrevezetés,-1
béklyó,-1
disznók,-1
üreges,-1
szent,1
hódolat,1
becsületes,1
őszinteség,1
becsület,1
tiszteletreméltó,1
megbecsült,1
megtisztelő,1
hoodium,-1
rászed,-1
huligán,-1
Hurrá,1
bizakodó,1
reménytelen,-1
reménytelenül,-1
reménytelenség,-1
horda,-1
borzasztó,-1
borzasztóan,-1
szörnyű,-1
borzalmas,-1
rettenetes,-1
elborzadva,-1
elborzaszt,-1
megrémít,-1
borzasztó,-1
elborzaszt,-1
vendégszerető,1
túsz,-1
ellenséges,-1
ellenségeskedések,-1
ellenségeskedés,-1
forró,1
melegágyak,-1
forró torta,1
forró torták,1
forrófejű,-1
forrófejű,-1
melegház,-1
legforróbb,1
önhittség,-1
házaló,-1
Ölelés,1
zümmögés,-1
humánus,1
alázatos,1
nedves,-1
megalázni,-1
megalázó,-1
megaláztatás,-1
alázatosság,1
zümmögő,-1
humor,1
tréfás,1
humorosan,1
humor,1
humoros,1
lógott,-1
sért,-1
fájt,-1
bántó,-1
fáj,-1
fáj,-1
nyüzsgő,-1
hype,-1
képmutatás,-1
képmutatás,-1
képmutató,-1
képmutatók,-1
álszent,-1
képmutatóan,-1
hisztéria,-1
hisztérikus,-1
hisztérikus,-1
hisztérikusan,-1
hisztéria,-1
ideál,1
idealizál,1
ideális esetben,1
idiotizmusok,-1
hülyeség,-1
idióta,-1
ostoba,-1
idiótán,-1
idióták,-1
tétlen,-1
bálvány,1
bálványoz,1
bálványozott,1
idillikus,1
nemtörődöm,-1
megalázó,-1
gyalázatosan,-1
gyalázat,-1
tudatlanság,-1
tudatlan,-1
figyelmen kívül hagyni,-1
rosszul tanácsolt,-1
rosszul fogant,-1
rosszul meghatározott,-1
rosszul tervezték,-1
rossz sorsú,-1
rossz közkedvelt,-1
rosszul formált,-1
rossz modorú,-1
rossz természetű,-1
rosszul válogatva,-1
rosszindulatú,-1
rosszul kezelt,-1
rossz bánásmód,-1
rossz használat,-1
rosszul használt,-1
illegális,-1
illegálisan,-1
törvénytelen,-1
tiltott,-1
írástudatlan,-1
betegség,-1
logikátlan,-1
logikátlan,-1
logikátlanul,-1
világít,1
Illuminati,1
világító,1
megvilágít,1
illúzió,-1
illúziók,-1
csalóka,-1
előkelő,1
ilu,1
makulátlan,1
képzeletbeli,-1
ötletes,1
egyensúlyhiány,-1
hülye,-1
bonyolultság,-1
hibátlan,1
makulátlanul,1
lényegtelen,-1
éretlen,-1
óriási,1
küszöbön áll,-1
hamarosan,-1
mozgásképtelenné vált,-1
mértéktelen,-1
mértéktelenül,-1
szerénytelen,-1
erkölcstelen,-1
erkölcstelenség,-1
erkölcstelenül,-1
mozdíthatatlan,-1
rontja,-1
károsodott,-1
pártatlan,1
pártatlanság,1
elfogulatlanul,1
zsákutca,-1
szenvedélyes,1
türelmetlenség,-1
türelmetlen,-1
türelmetlenül,-1
felelősségre von,-1
kifogástalan,1
kifogástalanul,1
impedancia,-1
akadályoz,-1
akadály,-1
közelgő,-1
megátalkodott,-1
tökéletlen,-1
tökéletlenség,-1
tökéletlenségek,-1
tökéletlenül,-1
imperialista,-1
veszélyeztet,-1
parancsoló,-1
parancsolóan,-1
megengedhetetlen,-1
személytelen,-1
szemtelen,-1
heves,-1
lendületesen,-1
istentelenség,-1
ütközik,-1
istentelen,-1
engesztelhetetlen,-1
valószínűtlen,-1
hihetetlenül,-1
belekever,-1
következmény,-1
felrobban,-1
udvariatlan,-1
udvariatlanul,-1
nem politikus,-1
fontos,1
alkalmatlan,-1
zaklat,-1
előírni,-1
kényszerítők,-1
impozáns,-1
kiszabása,-1
lehetetlen,-1
lehetetlenség,-1
lehetetlen,-1
tehetetlen,-1
elszegényít,-1
elszegényedett,-1
nem praktikus,-1
elátkoz,-1
pontatlan,-1
pontatlanul,-1
pontatlanság,-1
lenyűgözni,1
lenyűgözött,1
lenyűgöz,1
hatásos,1
lenyűgözően,1
lenyűgözőség,1
bebörtönözni,-1
bebörtönzés,-1
valószínűtlenség,-1
valószínűtlen,-1
valószínűtlenül,-1
helytelen,-1
helytelenül,-1
illetlenség,-1
javítani,1
javított,1
javulás,1
fejlesztések,1
javítja,1
javuló,1
meggondolatlanság,-1
meggondolatlan,-1
szemtelenség,-1
szemtelen,-1
szemtelenül,-1
megtámad,-1
impulzív,-1
impulzívan,-1
büntetlenség,-1
tisztátlan,-1
szennyeződés,-1
képtelenség,-1
pontatlanságok,-1
pontatlanság,-1
pontatlan,-1
pontatlanul,-1
tétlenség,-1
inaktív,-1
elégtelenség,-1
nem megfelelő,-1
elégtelenül,-1
gondatlan,-1
akaratlanul,-1
nem tanácsos,-1
tanácstalanul,-1
ostoba,-1
esztelenül,-1
alkalmatlan,-1
helytelenül,-1
alkalmatlan,-1
alkalmatlanság,-1
artikulálatlan,-1
figyelmetlen,-1
nem hallható,-1
képtelen,-1
képtelenül,-1
meggondolatlan,-1
gyújtó-,-1
tömjén,-1
szakadatlan,-1
szüntelenül,-1
ösztönöz,-1
uszítás,-1
udvariatlanság,-1
zord,-1
tapasztalatlan,-1
következetlenség,-1
összefüggéstelen,-1
összefüggéstelenül,-1
aránytalan,-1
egyedülálló,-1
összehasonlíthatatlanul,-1
összeférhetetlenség,-1
összeférhetetlenség,-1
összeegyeztethetetlen,-1
hozzá nem értés,-1
alkalmatlan,-1
hozzá nem értően,-1
befejezetlen,-1
nem megfelelő,-1
érthetetlen,-1
értetlenség,-1
elképzelhetetlen,-1
felfoghatatlanul,-1
össze nem illő,-1
össze nem illően,-1
logikátlan,-1
lényegtelen,-1
következmény nélkül,-1
következésképpen,-1
tapintatlan,-1
meggondolatlanul,-1
következetlenség,-1
következetlenségek,-1
következetlenség,-1
következetlen,-1
vigasztalhatatlan,-1
vigasztalhatatlanul,-1
állhatatlan,-1
kényelmetlenség,-1
kényelmetlenül,-1
helytelen,-1
tévesen,-1
javíthatatlan,-1
javíthatatlanul,-1
hihetetlen,1
hihetetlenül,1
hitetlen,-1
hitetlenül,-1
lelkére köt,-1
eladósodott,1
illetlenség,-1
illetlen,-1
illetlenül,-1
határozatlanság,-1
határozatlan,-1
határozatlanul,-1
ízléstelenség,-1
védhetetlen,-1
tapintatlan,-1
meghatározhatatlan,-1
meghatározhatatlanul,-1
határozatlan,-1
közöny,-1
közömbös,-1
szegény,-1
felháborodott,-1
felháborodottan,-1
felháborodás,-1
megaláztatás,-1
észrevehetetlen,-1
tapintatlan,-1
indiszkréten,-1
tapintatlanság,-1
válogatás nélküli,-1
válogatás nélkül,-1
válogatás nélküli,-1
megkülönböztethetetlen,-1
egyénre szabott,1
belenevel,-1
kiképzés,-1
lusta,-1
elkényeztet,-1
elnézés,1
elnéző,1
szorgalmas,1
hatástalan,-1
hatástalanul,-1
eredménytelenség,-1
hatástalan,-1
hatástalanul,-1
eredménytelenség,-1
hatástalan,-1
hatástalanság,-1
eredménytelenség,-1
nem hatékony,-1
nem hatékonyan,-1
elegancia hiánya,-1
nem elegáns,-1
nem jogosult,-1
beszédes,-1
beszédesen,-1
alkalmatlan,-1
képtelenség,-1
alkalmatlanul,-1
egyenlőtlenségek,-1
egyenlőtlenség,-1
méltánytalan,-1
méltánytalanul,-1
egyenlőtlenségek,-1
elkerülhetetlen,-1
elkerülhetetlenül,-1
lényegtelen,-1
felbecsülhetetlen,1
felbecsülhetetlenül,1
elkerülhetetlen,-1
elkerülhetetlenül,-1
megbocsáthatatlan,-1
megbocsáthatatlanul,-1
kérlelhetetlen,-1
menthetetlenül,-1
olcsó,1
tapasztalatlanság,-1
tapasztalatlan,-1
járatlan,-1
hozzáértetlenül,-1
megbocsáthatatlan,-1
megmagyarázhatatlan,-1
kibogozhatatlan,-1
elválaszthatatlanul,-1
tévedhetetlenség,1
csalhatatlan,1
csalhatatlanul,1
hírhedt,-1
hírhedten,-1
becstelenség,-1
fertőzött,-1
fertőzés,-1
fertőzések,-1
alsóbbrendű,-1
alsóbbrendűség,-1
pokoli,-1
eláraszt,-1
fertőzött,-1
hitetlen,-1
hitetlenek,-1
beszivárgó,-1
beszivárgók,-1
gyenge,-1
lángra lobbant,-1
gyulladás,-1
gyulladásos,-1
gyulladt,-1
felfújt,-1
inflációs,-1
merev,-1
okoz,-1
befolyásos,1
szabálysértést,-1
megsérteni,-1
megsértése,-1
jogsértéseket,-1
felbosszant,-1
feldühödött,-1
dühítő,-1
dühítően,-1
ügyes,1
szellemesen,1
találékonyság,1
őszinte,1
leleményesen,1
dicstelen,-1
hálátlan,-1
hálátlanság,-1
gátolják,-1
gátlás,-1
barátságtalan,-1
barátságtalanság,-1
embertelen,-1
embertelen,-1
embertelenség,-1
ellenséges,-1
ellenségesen,-1
gonosz,-1
gonoszság,-1
meggondolatlan,-1
megsebesíteni,-1
káros,-1
sérülés,-1
igazságtalanság,-1
igazságtalanságokat,-1
ártalmatlan,1
innováció,1
újító,1
célozgatás,-1
működésképtelen,-1
alkalmatlan,-1
mértéktelen,-1
mértéktelenül,-1
lenyomott,1
őrült,-1
őrülten,-1
őrület,-1
kielégíthetetlen,-1
bizonytalan,-1
bizonytalanság,-1
érzéketlen,-1
érzéketlen,-1
érzéketlenül,-1
érzéketlenség,-1
alattomos,-1
alattomosan,-1
éleslátó,1
éleslátóan,1
jelentéktelenség,-1
jelentéktelen,-1
jelentéktelenül,-1
őszintétlen,-1
őszintén,-1
kétszínűség,-1
célozgat,-1
sugalmazva,-1
gyanúsítás,-1
társaságtalan,-1
szemtelenség,-1
szemtelen,-1
szemtelenül,-1
fizetésképtelen,-1
gondatlanság,-1
ihlet,1
inspiráló,1
inspirálni,1
inspiráló,1
instabilitás,-1
instabil,-1
azonnal,1
buzdítanak,-1
felbujtó,-1
felbujtói,-1
tanulságos,1
hangszeres,1
fegyelmezetlen,-1
lényegtelen,-1
lényegtelenül,-1
kibírhatatlan,-1
elviselhetetlenül,-1
elégtelenség,-1
elégtelen,-1
elégtelenül,-1
szigeti,-1
sértés,-1
megsértődött,-1
sértő,-1
sértően,-1
sértések,-1
kibírhatatlan,-1
elviselhetetlenül,-1
leküzdhetetlen,-1
leküzdhetetlenül,-1
felkelés,-1
beavatkozni,-1
beavatkozik,-1
integrál,1
integrált,1
intelligencia,1
intelligens,1
érthető,1
erős,-1
érdekes,1
érdekeit,1
beavatkozni,-1
interferencia,-1
beavatkozik,-1
időszakos,-1
megszakítani,-1
félbeszakítás,-1
megszakítások,-1
meghittség,1
meghitt,1
megfélemlíteni,-1
megfélemlítő,-1
megfélemlítően,-1
megfélemlítés,-1
tűrhetetlen,-1
elviselhetetlenül,-1
intolerancia,-1
részegít,-1
makacs,-1
hajthatatlanság,-1
hajthatatlan,-1
bonyolult,1
cselszövés,1
érdekfeszítő,1
érdekfeszítően,1
behatolni,-1
behatolás,-1
tolakodó,-1
intuitív,1
elönt,-1
elöntött,-1
határsértő,-1
érvénytelen,-1
érvénytelenít,-1
érvénytelenség,-1
felbecsülhetetlen,1
felbecsülhetetlenül,1
invazív,-1
invesztív,-1
csalogat,-1
találékony,1
bántó,-1
szemérmetlenül,-1
szemtelenség,-1
élénkít,1
élénkítő,1
legyőzhetetlenség,1
legyőzhetetlen,1
sérthetetlen,1
érintetlen,1
láthatatlan,-1
önkéntelenül,-1
akaratlan,-1
sebezhetetlen,1
ingerlékeny,-1
dühös,-1
dühösen,-1
harag,-1
bosszant,-1
feldühödött,-1
idegesítő,-1
irks,-1
bosszantó,-1
bosszantóan,-1
bosszantóság,-1
kellemetlenségek,-1
ironikus,-1
ironikus,-1
ironikusan,-1
iróniák,-1
irónia,-1
szabálytalanság,-1
irracionális,-1
irracionalitások,-1
irracionalitás,-1
irracionálisan,-1
irracionálisak,-1
összeegyeztethetetlen,-1
pótolhatatlan,-1
helyrehozhatatlanság,-1
helyrehozhatatlanok,-1
helyrehozhatatlanul,-1
jóvátehetetlen,-1
helyrehozhatatlanul,-1
megreformálhatatlan,-1
szabálytalan,-1
szabálytalanság,-1
irreleváns,-1
irreleváns,-1
helyrehozhatatlan,-1
pótolhatatlan,1
pótolhatatlan,-1
fegyelmezetlen,-1
kifogástalan,1
ellenállhatatlan,1
ellenállhatatlanul,1
határozatlan,-1
megoldhatatlan,-1
felelőtlen,-1
felelőtlenül,-1
bosszantó,-1
helyrehozhatatlan,-1
visszafordíthatatlan,-1
ingerlékeny,-1
ingerülten,-1
izgató,-1
idegesít,-1
ingerülten,-1
irritáló,-1
irritáció,-1
irritációk,-1
elkülöníteni,-1
izolált,-1
elkülönítés,-1
probléma,-1
kiadás ingyenes,1
problémák,-1
viszket,-1
viszkető,-1
viszkető,-1
fecseg,-1
fáradt,-1
egyenetlen,-1
lekvár,-1
nyikorgó,-1
irigy,-1
leeső állkapocs,1
leeső állkapocs,1
irigy,-1
féltékenyen,-1
féltékenység,-1
féltékenység,-1
csúfolódás,-1
gúnyolódva,-1
gúnyosan,-1
gúnyolódás,-1
veszélyeztetni,-1
veszély,-1
bunkó,-1
szaggatott,-1
izgalom,-1
idegesség,-1
ideges,-1
munkagyilkosság,-1
munkanélküli,-1
tréfa,-1
dzsókerkártya,-1
felvidít,1
vidám,1
ráz,-1
kedélyes,1
öröm,1
vidám,1
örömtelien,1
vidám,1
örömtelien,1
ujjongó,1
ujjongva,1
diadalének,1
öröm,1
ujjongó,1
vibrálás,-1
döcögős,-1
dörömböl,-1
megfontolt,1
ideges,-1
szemét,-1
drogos,-1
roncstelep,-1
igazságosan,1
kiálló,-1
kiugró,-1
kaput,-1
lelkes,1
lelkesen,1
lelkesedés,1
gyerekbarát,1
megöl,-1
megölték,-1
gyilkos,-1
gyilkolás,-1
killjoy,-1
megöl,-1
jóindulat,1
kedvesen,1
kedvesség,1
gazfickó,-1
kés,-1
kopogás,-1
csomózott,-1
hozzáértő,1
kook,-1
cuki,-1
dicsőség,1
hiánya,-1
nyafkán ábrándos,-1
hiányzott,-1
lakáj,-1
lakájok,-1
hiányzó,-1
fakó,-1
hiányzik,-1
lakonikus,-1
lemaradás,-1
lemaradt,-1
lemaradva,-1
laggy,-1
lemarad,-1
elbocsátották,-1
lambast,-1
elagyabugyál,-1
béna,-1
ügyefogyott ember,-1
panaszkodik,-1
siralmas,-1
siralmasan,-1
bágyadt,-1
bánkódik,-1
lankadtság,-1
bágyadt,-1
bágyadtan,-1
nyurga,-1
múlás,-1
lejárt,-1
lemarad,-1
nagy kapacitású,1
buja,-1
utolsó árok,-1
késleltetés,-1
dicsér,1
dicséretre méltó,1
dicséretesen,1
nevetséges,-1
nevetősen,-1
nevetség tárgya,-1
bőséges,1
bőségesen,1
törvénytisztelő,1
törvényszegő,-1
törvényszegés,-1
törvényes,1
törvényesen,1
törvénytelen,-1
törvénytelenség,-1
elbocsátás,-1
elbocsátás boldog,-1
lusta,-1
vezet,1
vezető,1
vezet,1
szivárog,-1
szivárgás,-1
szivárgások,-1
szivárog,-1
szivárog,-1
szivárgó,-1
sovány,1
lech,-1
kéjenc,-1
kicsapongó,-1
fajtalanság,-1
vezette,1
pióca,-1
rábámul,-1
óvatos,-1
balra dőlve,-1
legendás,1
citrom,-1
hosszadalmas,-1
kevésbé fejlett,-1
kevésbé ismert,-1
lecsó,-1
halálos,-1
letargikus,-1
letargia,-1
tőkeáttétel,1
léhaság,1
erkölcstelen,-1
alázatosan,-1
bujaság,-1
felelősség,-1
felelős,-1
hazug,-1
hazugok,-1
felszabadítani,1
felszabadulás,1
szabadság,1
féktelen,-1
engedékenyen,-1
kicsapongás,-1
hazugság,-1
hazudott,-1
hazug,-1
hazugságok,-1
életveszélyes,-1
élettelen,-1
életmentő,1
könnyed szívű,1
öngyújtó,1
szimpatikus,1
tetszik,1
tetszett,1
kedveli,1
szeretet,1
határ,-1
korlátozás,-1
korlátozásokat,-1
korlátozott,-1
határait,-1
sántít,-1
oroszlánszívű,1
kedvetlen,-1
peres,-1
kevéssé ismert,-1
élénk,1
fakó,-1
élénken,-1
vonakodva,-1
gyűlöl,-1
undor,-1
utálatos,-1
utálatos,-1
undorítóan,-1
logikus,1
magányos,-1
magányosság,-1
magányos,-1
magányos,-1
magányos,-1
hosszan tartó,1
hosszú idő,-1
hosszú szeles,-1
vágyakozás,-1
sóvárogva,-1
kiskapu,-1
kiskapukat,-1
laza,-1
zsákmány,-1
elhagyatott,-1
elveszít,-1
vesztes,-1
vesztesek,-1
veszít,-1
vesztes,-1
veszteség,-1
veszteség,-1
elveszett,-1
hangos,-1
hangosabb,-1
tetves,-1
kedves,1
szeretetre méltóan,1
szeretet,1
szeretett,1
szeretetlen,-1
kedvesség,1
szerelmes,-1
bájos,1
szerető,1
szeret,1
szerető,1
alacsony költségű,1
alacsony ár,1
olcsó,1
alacsony minősítésű,-1
alacsony kockázatú,1
alacsonyabb árú,1
alázatos,-1
hűséges,1
hűség,1
világos,1
világosan,1
szerencse,1
szerencsésebb,1
legszerencsésebb,1
szerencse,1
szerencsés,1
jövedelmező,1
nevetséges,-1
nevetségesen,-1
gyászos,-1
langyos,-1
szünet,-1
világító,1
darabos,-1
őrült,-1
őrültség,-1
tántorog,-1
csalogatni,-1
undorító,-1
leselkedik,-1
lappangva,-1
buja,1
ragyogás,1
csillogó,1
buja,1
burjánzik,1
fényűző,1
fényűzően,1
luxus,1
fekvő,-1
lírai,1
kísérteties,-1
őrült,-1
megőrjít,-1
dühítő,-1
őrjítően,-1
festőbuzér,-1
őrülten,-1
őrült,-1
őrültség,-1
varázslat,1
mágikus,1
nagylelkű,1
nagylelkűen,1
pompa,1
Káprázatos,1
pompásan,1
fenséges,1
felség,1
rosszul alkalmazkodó,-1
rossz megoldás,-1
betegség,-1
rossz közérzet,-1
elégedetlen,-1
elégedetlen,-1
maledikt,-1
rosszindulat,-1
rosszindulatú,-1
rosszindulatúan,-1
rosszindulat,-1
rosszindulatú,-1
rosszindulatúan,-1
rosszindulatúság,-1
rosszindulatú,-1
rosszindulatú,-1
rossz szagú,-1
rossz bánásmód,-1
kezelhető,1
manőverezhető,1
mángorló,-1
megrongálódott,-1
mangák,-1
mángorlás,-1
mánia,-1
mániás,-1
mániákus,-1
mániás,-1
manipulálni,-1
manipuláció,-1
Manipulatív,-1
manipulátorok,-1
márc,-1
marginális,-1
marginálisan,-1
vértanúság,-1
mártíromság keresése,-1
csoda,1
csodálkozott,1
csodálkozott,1
csodálatos,1
csodálatos,1
csodálatosan,1
csodálatosság,1
csodálkozik,1
pépesítve,-1
mészárlás,-1
mészárlások,-1
fő-,1
mesteri,1
mesterien,1
mestermű,1
remekművek,1
mesterek,1
uralom,1
páratlan,1
matt,-1
érett,1
éretten,1
érettség,1
édeskés,-1
pofátlanul,-1
pofátlanság,-1
csekély,-1
jelentőségteljes,1
értelmetlen,-1
hitványság,-1
vacak,-1
babrál,-1
tolakodó,-1
középszerű,-1
középszerűség,-1
melankólia,-1
melodrámai,-1
melodramatikusan,-1
olvadás,-1
emlékezetes,1
fenyegetés,-1
fenyegető,-1
fenyegetően,-1
hazug,-1
hazudozás,-1
alantas,-1
irgalmas,1
irgalmasan,1
könyörtelen,-1
könyörtelenül,-1
kegyelem,1
érdem,1
érdemes,1
vígan,1
vidámság,1
vidámság,1
vidám,1
hipnotizál,1
megbabonázva,1
megbabonázza,1
elbűvölő,1
elbűvölően,1
rendetlenség,-1
összevissza,-1
rendetlenségeket,-1
összezavar,-1
rendetlen,-1
aprólékos,1
aprólékosan,1
törpe,-1
összezördülés,-1
erőszakosan,1
hatalmas,1
harciasság,-1
eszméletlen,1
értelmetlen,-1
esztelenül,-1
csoda,1
csodákat,1
csodálatos,1
csodálatosan,1
csodásság,1
délibáb,-1
sár,-1
rosszul igazodik,-1
rosszul igazított,-1
rosszul igazodik,-1
félreért,-1
rosszul áll,-1
rosszindulatú,-1
korcs,-1
illetlenül viselkedik,-1
neveletlenség,-1
téved,-1
tévedés,-1
vegyes,-1
baj,-1
csintalan,-1
huncutul,-1
tévhit,-1
tévhitek,-1
gonosztevő,-1
gonosztevők,-1
félrevezetés,-1
fösvény,-1
nyomorult,-1
nyomorúság,-1
szánalmasan,-1
nyomorúságokat,-1
fukar,-1
szenvedés,-1
rosszul sikerült,-1
balszerencse,-1
aggodalom,-1
aggodalmak,-1
félrevezetés,-1
félrevezet,-1
félrevezetett,-1
rosszul bánik vmivel,-1
baleset,-1
félreinformál,-1
félretájékoztatták,-1
félreértelmezni,-1
lebecsül,-1
tévítélet,-1
félrevezetni,-1
félrevezető,-1
félrevezető módon,-1
nem tetszik,-1
rosszul irányít,-1
rosszul ejt ki,-1
rosszul fogalmazott,-1
rosszul ejti,-1
rosszul olvas,-1
félreolvasás,-1
hamisan ábrázolja,-1
megtévesztés,-1
hiányzik,-1
nem fogadott,-1
hiányzik,-1
téves állítás,-1
köd,-1
hiba,-1
téves,-1
tévesen,-1
hibákat,-1
ködösítve,-1
úrnő,-1
bizalmatlanság,-1
bizalmatlan,-1
bizalmatlanul,-1
ködök,-1
félreértés,-1
félreértés,-1
félreértések,-1
félreértett,-1
visszaélés,-1
nyögés,-1
gengszter,-1
gúny,-1
gúnyolódott,-1
gúnyok,-1
csúfolódás,-1
gúnyolódni,-1
gúnyosan,-1
gúnyolódik,-1
modern,1
szerény,1
szerénység,1
molesztál,-1
molesztálás,-1
fontos,1
monoton,-1
egyhangúság,-1
szörnyeteg,-1
szörnyűségek,-1
szörnyűség,-1
szörnyű,-1
szörnyen,-1
monumentális,1
monumentálisan,1
rosszkedvű,-1
vitás,-1
szomorkodik,-1
erkölcs,1
kóros,-1
betegesen,-1
maró,-1
maróan,-1
haldokló,-1
idióta,-1
hülye,-1
hülyék,-1
sanyargatás,-1
elhalálozott,-1
lealáz,-1
megalázó,-1
mozdulatlan,-1
motivált,1
zavaros,-1
gyászol,-1
gyászoló,-1
gyászos,-1
gyászosan,-1
zűrzavar,-1
sáros,-1
sárdobáló,-1
sárdobálás,-1
csökönyös,-1
több polarizáció,-1
többcélú,1
földi,-1
gyilkosság,-1
gyilkos,-1
gyilkos,-1
gyilkosan,-1
sötét,-1
izomhajlítás,-1
puha,-1
dohos,-1
rejtélyes,-1
rejtélyesen,-1
rejtély,-1
megtéveszt,-1
mítosz,-1
gebe,-1
zsémbes,-1
naiv,-1
naivan,-1
keskenyebb,-1
csúnyán,-1
aljasság,-1
csúnya,-1
rossz,-1
émelyít,-1
hányingert kelt,-1
émelyítő,-1
émelyítően,-1
hajózható,1
templomhajó,-1
tiszta,1
legtisztább,1
szépen,1
homályos,-1
ködösen,-1
szükségtelen,-1
szükségtelenül,-1
rászorulók,-1
aljas,-1
gonoszan,-1
tagadni,-1
tagadás,-1
negatív,-1
negatívumokat,-1
negativitás,-1
elhanyagolás,-1
elhanyagolt,-1
gondatlanság,-1
gondatlan,-1
végzet,-1
nepotizmus,-1
ideges,-1
idegesen,-1
idegesség,-1
csalán,-1
csalános,-1
neurotikus,-1
neurotikusan,-1
szép,1
szépen,1
szebb,1
legszebb,1
csinos,1
babrál,-1
gúnyolódik,-1
lidércnyomás,-1
lidérces,-1
lidércesen,-1
fürge,1
nitpick,-1
csípős,-1
nemes,1
nemesen,1
zaj,-1
zajtalan,1
zajok,-1
zajosabb,-1
zajos,-1
bizalmatlanság,-1
nem erőszak,1
nem erőszakos,1
nem létező,-1
nem reagál,-1
ostobaság,-1
kíváncsiskodó,-1
nevezetesen,1
figyelemre méltó,1
hírhedtség,-1
hirhedt,-1
hírhedten,-1
táplál,1
tápláló,1
táplálék,1
újdonság,1
ártalmas,-1
kellemetlenség,-1
zsibbadt,-1
gondoskodó,1
oázis,1
elhízott,-1
tárgy,-1
ellenvetés,-1
kifogásolható,-1
kifogásokat,-1
ferde,-1
kitöröl,-1
eltüntették,-1
feledékeny,-1
kellemetlen,-1
bosszantóan,-1
obszcén,-1
obszcén módon,-1
trágárság,-1
homályos,-1
eltakarta,-1
eltakarja,-1
homály,-1
gyötör,-1
"megszállottság, rögeszme",1
rögeszmék,1
megszállott,-1
megszállottan,-1
megszállottság,-1
elavult,-1
akadály,-1
makacs,-1
makacsul,-1
akadályozza,-1
akadályozva,-1
akadályozó,-1
akadály,-1
akadályozza,-1
megszerezhető,1
tolakodó,-1
tompa,-1
elzár,-1
elzáródott,-1
elzárja,-1
elzárás,-1
páratlan,-1
páratlan,-1
legfurcsább,-1
furcsaságok,-1
furcsaság,-1
furcsán,-1
szag,-1
vétség,-1
megbántani,-1
szabálysértő,-1
sértő,-1
bűncselekmények,-1
támadó,-1
támadóan,-1
offenzivitás,-1
szolgálatkész,-1
baljóslatú,-1
baljóslatúan,-1
mulasztás,-1
kihagyni,-1
egyoldalú,-1
terhes,-1
megterhelően,-1
támadás,-1
nyíltan,1
nyitottság,1
nagyképű,-1
ellenfél,-1
opportunista,-1
ellenkezik,-1
ellenzék,-1
ellentétek,-1
elnyomni,-1
elnyomás,-1
elnyomó,-1
nyomasztóan,-1
zsarnokiság,-1
elnyomók,-1
optimális,1
optimizmus,1
optimista,1
fényűző,1
megpróbáltatás,-1
szabályos,1
eredetiség,1
árva,-1
kiközösít,-1
kitörés,-1
kitörés,-1
kitörések,-1
kitaszított,-1
felháborodás,-1
lepipál,1
felülmúlta,1
törvényen kívüli,-1
idejétmúlt,-1
felülmúlják,1
felülmúlta,1
felülteljesítő,1
felülmúlja,1
merénylet,-1
felháborodott,-1
felháborító,-1
felháborítóan,-1
felháborodás,-1
felháborodásokat,-1
felülmúl,1
felülmúlta,1
kívülálló,-1
túljár vki eszén,1
kiemelkedő,1
kiemelkedően,1
túlszárnyalni,1
túljár vki eszén,1
ováció,1
túl cselekedett,-1
félelem felett,-1
túl kiegyensúlyozott,-1
túl hyped,-1
túlárazott,-1
értékelés felett,-1
túloz,-1
túljátszottak,-1
megfélemlít,-1
többletsúly,-1
túlegyensúlyozott,-1
erőszakos,-1
fennhéjázóan,-1
elvirágzott,-1
túlzásba,-1
agyonhajszolt,-1
lejárt,-1
túlhangsúlyozni,-1
túlmelegszik,-1
elragadtatott,1
túlzás,-1
túlterhelt,-1
átnéz,-1
túlfizetett,-1
túlfizetett,-1
legyőz,-1
túlerő,-1
túlárazott,-1
túlértékelt,-1
tovább ér valaminél,-1
túlfutás,-1
háttérbe szorít,-1
felügyelet,-1
mulasztások,-1
túlzott leegyszerűsítés,-1
túlságosan leegyszerűsítve,-1
túlzottan leegyszerűsít,-1
túlméretes,-1
túlbecsülni,-1
túlértékelve,-1
túlzás,-1
túlzások,-1
túlbecsüli,-1
előzni,1
megelőzve,1
előz,1
előzés,1
túladóztatva,-1
megdönteni,-1
megdönti,-1
megelőzte,1
nyitány,1
felborulni,-1
túlsúly,-1
elborít,-1
túlterhelt,-1
túlnyomó,-1
túlnyomórészt,-1
elborít,-1
túlbuzgó,-1
túlbuzgón,-1
túlbuzgó,-1
fájdalom,-1
fájdalom mentes,1
fájdalmas,-1
fájdalmas,-1
fájdalmasan,-1
fájdalommentes,1
fájdalommentesen,1
fájdalmak,-1
fejedelmi,1
sápadt,-1
elsápad,-1
csekély,-1
elkényeztet,1
elkényeztetve,1
elkényeztetetten,1
elkényeztetettség,1
kényezteti,1
Pán,-1
zűrzavar,-1
cinkos,-1
pancsolás,-1
panders,-1
pánik,-1
pánik,-1
pánikolt,-1
pánikba esve,-1
rémült,-1
panorámás,1
paradicsom,1
paradox,-1
paradox módon,-1
megbénít,-1
bénult,-1
mindennél fontosabb,1
üldözési mánia,-1
paranoid,-1
élősködő,-1
Bocsánat,1
pária,-1
paródia,-1
elfogultság,-1
partizán,-1
partizánok,-1
ódivatú,-1
szenvedély,1
szenvedélyes,1
szenvedélyesen,1
passzív,-1
passzivitás,-1
szánalmas,-1
szánalmasan,-1
türelem,1
beteg,1
türelmesen,1
hazafi,1
hazafias,1
oltalmaz,-1
csekélység,-1
koldus,-1
szegények,-1
megtérülés,-1
béke,1
békeszerető,1
Békés,1
békésen,1
békefenntartók,1
őszibarack,1
különös,-1
különösen,-1
tudálékos,-1
hámozott,-1
páratlan,1
idegesít,-1
felpiszkált,-1
szeszélyes,-1
ingerülten,-1
büntetni,-1
büntetés,-1
elevenség,1
pepecselt,1
borsózás,1
életerős,1
peps,1
tökéletes,1
tökéletesség,1
tökéletesen,1
álnok,-1
hamisság,-1
felületes,-1
veszély,-1
veszélyes,-1
vészesen,-1
elpusztul,-1
megengedhető,1
káros,-1
megzavar,-1
megzavarodott,-1
zavarba ejtő,-1
zavar,-1
üldözni,-1
üldözés,-1
kitartás,1
kitartani,1
szereplők,1
személyre szabott,1
makacs,-1
kitartóan,-1
állhatatosság,-1
háborgat,-1
megzavarta,-1
átható,-1
perverz,-1
perverz módon,-1
perverzió,-1
perverzitás,-1
perverz,-1
elvetemült,-1
perverzek,-1
pesszimizmus,-1
pesszimista,-1
pesszimistán,-1
kártevő,-1
halálos,-1
megkövült,-1
megkövesít,-1
zugírászkodik,-1
piti,-1
rendkívüli,1
fenomenálisan,1
fóbia,-1
fóbiás,-1
hamis,-1
karó,-1
pikettált,-1
pikettezni,-1
piketteket,-1
válogatós,-1
festői,1
kegyesség,1
malac,-1
disznók,-1
fosztogatás,-1
pellengér,-1
pattanás,-1
csipet,-1
csúcsa,1
pique,-1
szánalmas,-1
szánalmas,-1
szánalmasan,-1
könyörtelen,-1
könyörtelenül,-1
alamizsna,-1
kár,-1
plagizál,-1
pestis,-1
műanyagos,-1
játékos,1
játékosan,1
játékszer,-1
kifogás,-1
könyörgések,-1
kellemes,1
kellemesen,1
elégedett,1
tetszik,1
kellemes,1
tetszetősen,1
kellemes,1
kellemesen,1
öröm,1
plebejus,-1
bőséges,1
nyomorúság,-1
cselekmény,-1
plotterek,-1
csel,-1
zsákmány,-1
rabló,-1
pluszok,1
plüss,1
pluszok,1
költői,1
költőivé tesz,1
megrendítő,1
értelmetlen,-1
értelmetlenül,-1
egyensúly,1
kiegyensúlyozott,1
méreg,-1
mérgező,-1
mérgezően,-1
szegényes,-1
piszkos,-1
polarizáció,-1
polemizál,-1
csiszolt,1
udvarias,1
udvariasság,1
szennyezni,-1
szennyező,-1
szennyezők,-1
környezetszennyezés,-1
nagyképű,-1
szegény,-1
szegényebb,-1
legszegényebb,-1
rosszul,-1
népszerű,1
hordozható,1
flancos,1
pozitív,1
pozitívan,1
pozitívumok,1
posztolás,-1
ajakbiggyesztés,-1
szegénység,-1
erős,1
erőteljesen,1
tehetetlen,-1
dicséret,1
dicséretre méltó,1
dicséret,1
fecseg,-1
pratfall,-1
csacsogás,-1
előkelő,1
bizonytalan,-1
bizonytalanul,-1
értékes,1
kicsapódik,-1
meredek,-1
pontos,1
pontosan,1
ragadozó,-1
helyzet,-1
kimagasló,1
jobban szeret,1
előnyös,1
lehetőleg,1
előnyben részesített,1
preferálja,1
előnyben részesítve,1
előnyben részesíti,1
előítélet,-1
előítélet,-1
előítéletek,-1
hátrányos,-1
szándékos,-1
miniszterelnök,1
elmerül valamiben,-1
abszurd,-1
pofátlanul,-1
presztízs,1
tekintélyes,1
merész,-1
elbizakodottan,-1
színlelés,-1
úgy tesznek,-1
színlelés,-1
elbizakodott,-1
igényesen,-1
kedvesen,1
szép,1
kertel,-1
megfizethetetlen,1
drága,-1
drágább,-1
pöcs,-1
bizsereg,-1
tüskék,-1
büszkeség,1
büszkeséggel teli,-1
prik,-1
primitív,-1
elvszerű,1
börtön,-1
Rab,-1
kiváltság,1
kiváltságos,1
díj,1
proaktív,1
probléma,-1
problémamentes,1
probléma megoldó,1
problematikus,-1
problémákat,-1
késlekedik,-1
halogatja,-1
halogatás,-1
bámulatos,1
csodálatosan,1
csoda,1
termelő,1
produktívan,1
profán,-1
káromkodás,-1
jártas,1
hozzáértően,1
mély,1
mélységesen,1
bőséges,1
gazdagság,1
előrehalad,1
haladó,1
tiltani,-1
tiltó,-1
tiltóan,-1
szapora,1
feltűnést,1
kiemelkedő,1
ígéret,1
igért,1
ígéreteket,1
biztató,1
promóter,1
gyors,1
azonnal,1
propaganda,-1
propagál,-1
megfelelő,1
megfelelően,1
kedvező,1
kedvezően,1
szabadalmazott,-1
profik,1
vádat emeljenek,-1
boldogulni,1
jólét,1
virágzó,1
prospros,1
védeni,1
védelem,1
védő,1
tiltakozás,-1
tiltakozott,-1
tiltakozva,-1
tiltakozik,-1
elhúzódó,-1
büszke,1
igazolt,1
bizonyítja,1
gondviselés,1
bizonyítva,1
provokáció,-1
provokatív,-1
provokál,-1
bátorság,1
óvatosság,1
körültekintő,1
körültekintően,1
kíváncsiskodik,-1
harcias,-1
alázatosan,-1
harciasság,-1
puncs,-1
pontos,1
megbüntetni,-1
büntethető,-1
büntető,-1
punk,-1
apró,-1
báb,-1
bábuk,-1
tiszta,1
megtisztítani,1
tervszerű,1
zavart,-1
zavarodottság,-1
rejtélyes,-1
kuruzsló,-1
régimódi de elegáns,1
képzett,1
minősíteni,1
aggály,-1
nyugtalankodik,-1
dilemma,-1
veszekedés,-1
veszekedő,-1
veszekedően,-1
veszekedések,-1
civakodó,-1
quash,-1
furcsa,-1
kérdéses,-1
kibúvó,-1
civakodások,-1
gyorsabban,1
csendes,1
halkabb,1
lógós,-1
fanatikus,-1
rasszizmus,-1
rasszista,-1
rasszisták,-1
pikáns,-1
ragyogás,1
sugárzó,1
radikális,-1
radikalizálódás,-1
radikálisan,-1
radikálisok,-1
düh,-1
rongyos,-1
tomboló,-1
vasút,-1
gereblyézett,-1
tombol,-1
burjánzó,-1
rozoga,-1
harag,-1
véletlenszerűen,-1
elmérgesedik,-1
kirohanás,-1
kiabált,-1
rikácsolva,-1
riadtan,-1
háborog,-1
erőszak,-1
megerőszakolták,-1
gyors,1
erőszakoskodni,-1
egyetértés,1
elbűvölt,1
elragadtatás,1
elragadtatott,1
elragadtatottan,1
elragadtatott,1
elragadtatottan,1
gazember,-1
zsiványok,-1
kiütés,-1
racionális,1
Csörgő,-1
zörgött,-1
csörgők,-1
pusztít,-1
dühöngő,-1
borotvaéles,1
elérhető,1
reakciós,-1
olvasható,1
készségesen,1
kész,1
megerősíteni,1
újbóli megerősítés,1
reális,1
megvalósítható,1
ésszerű,1
ésszerűen,1
okoskodott,1
megnyugtatás,1
megnyugtatni,1
lázadó,-1
visszautasítás,-1
rendreutasítás,-1
makacs,-1
megtagad állítást,-1
fogékony,1
recesszió,-1
recessziós,-1
vakmerő,-1
vakmerően,-1
vakmerőség,-1
visszakövetelni,1
visszarúg,-1
ajánlja,1
ajánlani,1
ajánlást,1
ajánlásokat,1
ajánlott,1
kibékíteni,1
egyeztetés,1
rekord beállítás,1
igénybevételeket,-1
visszaszerez,1
felépülés,1
helyesbítés,1
helyesbíteni,1
helyreigazítása,1
megváltani,1
megváltás,1
megváltás,1
redundancia,-1
redundáns,-1
finomítani,1
kifinomult,1
finomítás,1
reform,1
református,1
reformáló,1
reformokat,1
Frissítés,1
felfrissült,1
üdítő,1
visszatérítés,1
visszatérítve,1
elutasítás,-1
megtagadja,-1
visszautasította,-1
megtagadja,-1
megtagadva,-1
cáfolat,-1
cáfolni,-1
cáfolta,-1
cáfolja,-1
megcáfolva,-1
fejedelmi,1
királyian,1
tekintettel,1
visszafejlődés,-1
regresszió,-1
csökkenő,-1
megbánás,-1
megbánta,-1
sajnálkozó,-1
sajnálatosan,-1
sajnálja,-1
sajnálatos,-1
sajnálatos módon,-1
megbánta,-1
elutasít,-1
elutasítva,-1
elutasító,-1
elutasítás,-1
elutasítja,-1
örülj,1
öröm,1
vidáman,1
megfiatalít,1
megfiatalodott,1
fiatalító,1
visszaesés,-1
kipihent,1
enged,1
könyörtelen,-1
kérlelhetetlenül,-1
kérlelhetetlenség,-1
megbízható,1
megbízhatóan,1
megkönnyebbülés,1
élvezettel,1
idegenkedés,-1
vonakodó,-1
vonakodva,-1
figyelemre méltó,1
feltűnően,1
jogorvoslat,1
remisszió,1
bűntudat,-1
bűnbánó,-1
bűnbánóan,-1
könyörtelen,-1
könyörtelenül,-1
lelkiismeret-furdalás,-1
díjazzák,1
reneszánsz,1
megújult,1
lemond,-1
hírnév,1
híres,1
lemondás,-1
taszít,-1
ismétlődő,-1
helyettesíthető,1
kifogásolható,-1
elítélendően,-1
megrovás,-1
elítélő,-1
elnyomni,-1
elnyomás,-1
elnyomó,-1
megrovás,-1
szemrehányás,-1
szemrehányó,-1
rosszall,-1
szemrehányóan,-1
megtagadni,-1
megtagadás,-1
visszautasítja,-1
undor,-1
visszataszító,-1
visszataszítóan,-1
visszaver,-1
taszítottak,-1
visszataszító,-1
taszító,-1
visszataszítóan,-1
visszataszító,-1
jó hírű,1
hírnév,1
neheztel,-1
bosszús,-1
neheztelés,-1
lemondás,-1
lemondó,-1
rugalmas,1
ellenállás,-1
elszánt,1
ünnepel,1
zengő,1
találékony,1
találékonyság,1
tisztelet,1
tiszteletreméltó,1
tiszteletteljes,1
tiszteletteljesen,1
haladékot,1
fénylő,1
felelősségteljesen,1
fogékony,1
nyugalmas,1
nyughatatlan,-1
nyugtalanság,-1
helyreállították,1
korlátoz,-1
korlátozott,-1
korlátozás,-1
korlátozó,-1
átstrukturálni,1
átstrukturálták,1
szerkezetátalakítás,1
feltámadó,-1
megtorolni,-1
megtorló,-1
retard,-1
retardált,-1
retardáltság,-1
késlelteti,-1
tartózkodó,-1
visszahúzni,-1
visszahúzódó,1
visszavonulás,-1
visszavonult,-1
mulatság,1
kinyilatkoztatás,1
bosszú,-1
bosszúvágyó,-1
bosszúállóan,-1
tisztel,1
tisztelet,1
tiszteletteljes,1
áhítatosan,1
visszaszáll,-1
gyaláz,-1
szidalmazták,-1
újjáéleszteni,1
újjáéledés,1
feléleszt,1
feléleszti,1
visszavonni,-1
lázadás,-1
lázadó,-1
lázadóan,-1
forradalmi,1
forradalmasítani,1
forradalmasította,1
forradalmasítja,1
ellenérzés,-1
elvezető,-1
jutalom,1
jutalmazó,1
jutalmazóan,1
lelkendezik,-1
retorika,-1
retorikai,-1
ricer,-1
gazdag,1
gazdagabb,1
gazdagon,1
gazdagság,1
gúny,-1
nevetségessé,-1
nevetséges,-1
nevetségesen,-1
elterjedt,-1
rés,-1
szakadások,-1
jobb,1
igazítsa meg,1
igazlelkű,1
igazságosan,1
igazságosság,1
jogos,1
jogosan,1
helyesen,1
jogosság,1
merev,-1
merevség,-1
merevség,-1
izgat,-1
feldúlt,-1
Nyugodj békében,-1
letép,-1
letép,-1
szakadt,-1
kockázat,-1
kockázatmentes,1
kockázatokat,-1
kockázatos,-1
vetélytárs,-1
versengés,-1
útlezárások,-1
erős,1
rock sztár,1
rock sztárok,1
rock sztár,1
rock sztárok,1
sziklás,-1
gazember,-1
hullámvasút,-1
romantikus,1
romantikusan,1
romantizál,1
tágasabb,1
tágas,1
rózsás,1
rothadás,-1
rothadt,-1
durva,-1
helyrehozható,-1
szemét,-1
durva,-1
rue,-1
útonálló,-1
fodor,-1
ROM,-1
romos,-1
tönkretesz,-1
romboló,-1
romok,-1
dörgés,-1
szóbeszéd,-1
pletykák,-1
pletykák,-1
összegyűr,-1
leszalad,-1
elfutni,-1
törés,-1
rozsda,-1
rozsdásodik,-1
rozsdás,-1
keréknyom,-1
könyörtelen,-1
kíméletlenül,-1
könyörtelenség,-1
nyomok,-1
szabotázs,-1
zsák,-1
feláldozott,-1
szomorú,-1
elszomorít,-1
szomorúan,-1
szomorúság,-1
biztonságos,1
biztonságosan,1
megereszkedik,-1
okosság,1
bölcsen,1
megereszkedett,-1
megereszkedett,-1
zsíros,-1
megereszkedik,-1
szent,1
szentség,1
szent,1
érzéki,-1
üdvös,1
üdvözöl,1
álszent,-1
épelméjű,1
nedv,-1
gúny,-1
szarkasztikus,-1
szarkasztikusan,-1
kaján,-1
gúnyosan,-1
sass,-1
szatirikus,-1
kigúnyol,-1
kielégítően,1
kielégítő,1
elégedett,1
eleget tesz,1
kielégíteni,1
kielégítő,1
elégedett,1
vad,-1
megvadult,-1
vadság,-1
vadak,-1
megmentő,1
megtakarítás,1
megmentő,1
hozzáértés,1
pikkelyes,-1
átverés,-1
csalások,-1
botrány,-1
megbotránkoztat,-1
megbotránkoztatott,-1
botrányos,-1
botrányosan,-1
botrányok,-1
botrány,-1
botrányok,-1
szűkös,-1
bűnbak,-1
sebhely,-1
szűkös,-1
alig,-1
hiány,-1
megijeszt,-1
megrémült,-1
ijesztőbb,-1
legfélelmetesebb,-1
ijesztően,-1
forradásos,-1
hegek,-1
ijedős,-1
maró,-1
csípősen,-1
színpadi,1
szkeptikus,-1
kötekedés,-1
gúnyosan,-1
szid,-1
szidta,-1
szidás,-1
szidva,-1
perzselő,-1
perzselően,-1
megvetés,-1
megvető,-1
megvetően,-1
gazember,-1
csapás,-1
elkomorodott,-1
tülekedés,-1
rántotta,-1
tülekedések,-1
tülekedés,-1
selejt,-1
karcolás,-1
karcos,-1
karcolások,-1
felületes,-1
sikoly,-1
sikoltás,-1
elfuserál,-1
csavart,-1
elrontottam,-1
csavaros,-1
papucs,-1
kopások,-1
hab,-1
habos,-1
zökkenőmentes,1
fűszerezett,1
másodosztály,-1
második szint,-1
titkos,-1
biztonságos,1
biztosan,1
ülő,-1
magvas,-1
forr,-1
forrongó,-1
szelektív,1
önpuccs,-1
önkritika,-1
önmaga legyőzése,-1
önpusztító,-1
önrendelkezés,1
önaláztatás,-1
önérdek,-1
önmagát érdekli,-1
önbecsülés,1
önkielégítés,1
önkiszolgáló,-1
önellátás,1
önellátó,1
önérdekű,-1
önző,-1
önzően,-1
önzés,-1
félig retardált,-1
szenilis,-1
szenzáció,1
szenzációs,1
szenzációt kelteni,-1
szenzációsan,1
szenzációk,1
öntudatlan,-1
értelmetlenül,-1
érzékeny,1
érzékelhetően,1
érzékeny,1
derűs,1
higgadtság,1
súlyosság,-1
megleckéztet,-1
szolgaság,-1
beállít,-1
visszaesés,-1
kudarcok,-1
sever,-1
szigorú,-1
súlyossága,-1
szexis,1
sh*t,-1
kopott,-1
homályos,-1
árnyas,-1
ráz,-1
ingatag,-1
sekély,-1
ál,-1
mészárszék,-1
szégyen,-1
szégyenletes,-1
szégyenletesen,-1
szégyenletesség,-1
szemtelen,-1
szemérmetlenül,-1
szemérmetlenség,-1
cápa,-1
éles,1
élesebb,1
legélesebb,1
élesen,-1
összetör,-1
shemale,-1
csillámlik,-1
csillogó,1
csillogóan,1
női ing,-1
ragyog,1
fényes,1
hajótörés,-1
kibújik,-1
munkakerülő,-1
szar,-1
reszket,-1
sokk,-1
döbbent,-1
megdöbbentő,-1
megdöbbentően,-1
selejtes,-1
rövid életű,-1
hiány,-1
rövidítés,-1
hiányosság,-1
hiányosságait,-1
rövidség,-1
rövidlátó,-1
rövidlátás,-1
leszámolás,-1
cickány,-1
sikoly,-1
éles,-1
éles hangon,-1
összeaszalódik,-1
lepel,-1
burkolt,-1
vállvonás,-1
kitér,-1
kerülte,-1
beteg,-1
megbetegszik,-1
émelyítő,-1
betegesen,-1
beteges,-1
betegség,-1
mellékvágány,-1
mellékvágányú,-1
ostrom,-1
jelentős,1
csendes,1
ostoba,-1
bolondos,-1
egyszerűbb,1
legegyszerűbb,1
egyszerűsített,1
leegyszerűsíti,1
egyszerűsíteni,1
leegyszerűsítve,1
egyszerű,-1
leegyszerűsítve,-1
bűn,-1
őszinte,1
Tisztelettel,1
őszinteség,1
bűnös,-1
bűnösen,-1
baljós,-1
baljóslatúan,-1
mosogató,-1
süllyedő,-1
csontvázak,-1
szkeptikus,-1
szkeptikus,-1
szkeptikusan,-1
szkepticizmus,-1
vázlatos,-1
készség,1
szakképzett,1
ügyes,1
ügyesen,1
fukar,-1
sovány,-1
ijedős,-1
rosszkedvűen,-1
ólálkodik,-1
laza,-1
slammin,1
rágalom,-1
rágalmazó,-1
rágalmazó,-1
rágalmazóan,-1
rágalmakat,-1
pofon,-1
vagdalkozás,-1
levágás,-1
lemészárolták,-1
rabszolga,-1
rabszolgák,-1
laza,-1
sima,1
sima,1
iszap,-1
üt,-1
lompos,-1
lomposodás,-1
slogok,-1
slooooooooooooow,-1
sloooow,-1
lassú,-1
lassú,-1
hanyagul,-1
lucskos,-1
lajhár,-1
rest,-1
lassú,-1
lassú mozgás,-1
lelassult,-1
lassabb,-1
leglassabb,-1
lassan,-1
sloww,-1
lassú www,-1
lassúwww,-1
meztelen csiga,-1
lassú,-1
pangás,-1
lesüllyedt,-1
lesüllyedt,-1
elmosódik,-1
kurva,-1
szajhák,-1
ravasz,-1
cuppanás,-1
kicsiny,-1
Okos,1
okosabb,1
legokosabb,1
okosan,1
összetör,-1
kenet,-1
szag,-1
szagolt,-1
szaglás,-1
szagokat,-1
büdös,-1
olvasztás,-1
mosoly,1
mosolyog,1
mosolygás,1
mosolyogva,1
levert,1
füst,-1
füstfüggöny,-1
parázslik,-1
parázsló,-1
sima,1
simább,1
kisimítja,1
legsimább,1
simán,1
elrejt,-1
parázslik,-1
parázsló,-1
piszok,-1
elkenődött,-1
foltok,-1
maszatolás,-1
önelégült,-1
önelégülten,-1
korom,-1
mocskosabb,-1
legmocskosabb,-1
kormos,-1
csonk,-1
elakadt,-1
gubancolás,-1
gubancok,-1
harapós,-1
csattanósan,-1
lendületes,1
csapda,-1
gunyoros,-1
vicsorog,-1
pofás,1
settenkedik,-1
alattomosan,-1
alattomos,-1
gúnymosoly,-1
gunyorosan,-1
gúnyosan,-1
sznob,-1
sznob,-1
sznob,-1
sznob,-1
sznobok,-1
pisze,-1
tehát cal,-1
szappanos,-1
zokogás,-1
józan,-1
kijózanító,-1
társaságkedvelő,1
puha,1
lágyabb,1
vigasz,1
ünnepélyes,-1
aggályos,1
kérően,1
gondoskodás,-1
szilárd,1
szolidaritás,1
komor,-1
megnyugtatni,1
megnyugtatóan,1
kifinomult,1
fájó,-1
súlyosan,-1
fájdalom,-1
bánat,-1
szomorú,-1
szomorúan,-1
sajnálom,-1
lelkes,1
alaposan,1
szilárdság,1
savanyú,-1
savanyúan,-1
tágas,1
ásó,-1
ütés,-1
szikra,1
szikrázó,1
látványos,1
látványosan,1
gyorsan,1
gyors,1
megbabonáz,1
igéző,1
igézően,1
megigézve,1
költekező,-1
köp,-1
kiköpött,-1
okádék,-1
kiköp,-1
kiömlés,-1
aggszűz,-1
szellemes,1
erőtlen,-1
lelki,1
dacára,-1
rosszindulatú,-1
rosszindulatúan,-1
rosszakarat,-1
fröccs,-1
pompás,1
pompásan,1
ragyogás,1
hasított,-1
hasítás,-1
zsákmány,-1
romlás,-1
szennyeződések,-1
elkényeztetett,-1
elkényeztetett,-1
elrontja,-1
spontán,1
kísértet,-1
kísértetiesebb,-1
legkísértetiesebb,-1
kísértetiesen,-1
Ijesztő,-1
kanállal etetett,-1
kanál takarmány,-1
kanalazva,-1
szórványos,-1
sportos,1
makulátlan,1
foltos,-1
vidám,1
hamis,-1
elutasít,-1
köpköd,-1
perpatvar,-1
civakodás,-1
elpazarol,-1
Fallabda,-1
vinnyog,-1
nyikorog,-1
vinnyogó,-1
visítás,-1
csikorogva,-1
sikít,-1
fészkelődik,-1
szúr,-1
stabilitás,1
stabilizálni,1
stabil,1
pangó,-1
stagnál,-1
stagnálás,-1
higgadt,-1
folt,-1
rozsdamentes,1
foltok,-1
állott,-1
patt,-1
istálló,-1
standokon,-1
dadog,-1
pánik,-1
kiáll,1
álló helyzetben,-1
erős,-1
élesen,-1
megijeszt,-1
ijesztő,-1
megdöbbentően,-1
éhezés,-1
éhezik,-1
a legkorszerűbb,1
tekintélyes,1
statikus,-1
szoborszerű,1
hűséges,1
szilárdan,1
állhatatosság,1
állhatatos,1
állhatatosan,1
állhatatosság,1
legstabilabb,1
szilárdság,1
állandó,1
lop,-1
lopás,-1
lop,-1
meredek,-1
meredeken,-1
csillag-,1
csillagosan,1
bűz,-1
sztereotípia,-1
sablonos,-1
sztereotip módon,-1
zord,-1
pörkölt,-1
ragadós,-1
merev,-1
merevség,-1
elfojtani,-1
fojtogató,-1
fojtogatóan,-1
megbélyegzés,-1
stigmatizálni,-1
serkenteni,1
serkenti,1
serkentő,1
serkentő,1
fullánk,-1
szúrós,-1
csípősen,-1
fukar,-1
bűz,-1
bűzlik,-1
felkavarva,1
nehéz étel,-1
stóla,-1
lopott,-1
besúgó,-1
búbok,-1
viharos,-1
cselleng,-1
csellengő,-1
kiegyenesedik,1
egyértelmű,1
törzs,-1
feszült,-1
erőlködés,-1
furcsa,-1
furcsán,-1
idegen,-1
legfurcsább,-1
megfojtani,-1
csíkos,-1
áramvonalas,1
megerőltető,-1
feszültség,-1
hangsúlyozza,-1
stresszes,-1
stresszesen,-1
megsebzett,-1
szigorú,-1
szigorúan,-1
metsző,-1
markánsan,-1
viszály,-1
sztrájk,-1
meglepő,1
feltűnően,1
szigorú,-1
szigorúan,-1
arra törekedve,1
erős,1
erősebb,1
legerősebb,1
ütött,-1
küzdelem,-1
küzdött,-1
küzd,-1
küszködik,-1
támasz,-1
makacs,-1
makacsul,-1
makacsság,-1
megragadt,-1
dohos,-1
botlás,-1
megbotlott,-1
megbotlik,-1
csikk,-1
elakadt,-1
tuskók,-1
elkábítani,-1
döbbenten,1
lenyűgöző,1
lenyűgözően,1
kaszkadőr,-1
megrekedt,-1
elképesztő,1
elképesztően,1
hülye,-1
leghülyébb,-1
hülyeség,-1
hülyén,-1
elbutítva,-1
elbutít,-1
kábulat,-1
masszívabb,1
erős,1
dadogás,-1
dadogta,-1
dadogva,-1
dadog,-1
disznóól,-1
elegáns,1
stílusosan,1
stilizált,1
gátolta,-1
kedves,1
nyájasan,1
al par,-1
visszafogott,-1
alávetve,-1
alávetettség,-1
leigáz,-1
leigázás,-1
fenséges,1
alázatos,-1
alárendelt,-1
idézés,-1
idézések,-1
alárendeltség,-1
alárendelt,-1
támogatni,1
támogatott,1
támogatja,1
támogatása,1
nem megfelelő,-1
érdemi,1
kivonni,-1
felforgatás,-1
felforgató,-1
felforgatóan,-1
felforgatni,-1
sikerül,1
sikerült,1
sikerül,1
sikerül,1
sikereket,1
siker,1
sikereket,1
sikeres,1
sikeresen,1
megadja magát,-1
szív,-1
szívott,-1
szívó,-1
szívás,-1
szívás,-1
perel,-1
beperelte,-1
perelni,-1
perel,-1
szenvedni,-1
szenvedett,-1
szenvedő,-1
szenvedők,-1
szenvedő,-1
szenved,-1
elég,1
elég volt,1
elegendő,1
elegendő,1
kellően,1
megfojtani,-1
cukorköpeny,-1
cukorral bevont,-1
cukorral bevont,-1
öngyilkos,-1
öngyilkosság,-1
alkalmas,1
duzzog,-1
mogorva,-1
beszennyez,-1
pazar,1
pazarul,1
pazarság,1
elválaszt,-1
elsüllyedt,-1
elsüllyedt,-1
szuper,1
nagyszerű,1
nagyszerűen,1
felszínes,-1
felületesség,-1
felületesen,-1
felesleges,-1
kiváló,1
fölény,1
babona,-1
babonás,-1
hajlékony,1
támogatás,1
támogatott,1
támogató,1
támogató,1
támogató,1
támogatja,1
elnyom,-1
elnyomás,-1
fölény,1
legfőbb,1
fenségesen,1
supurb,1
feltűnően,1
felülmúlni,1
felülmúlni,1
szürreális,1
megadás,-1
túlélés,1
túlélő,1
fogékony,-1
gyanúsított,-1
gyanú,-1
gyanakvást,-1
gyanús,-1
gyanakodva,-1
fenntarthatóság,1
fenntartható,1
henceg,-1
elmocsarasodott,-1
felvágás,1
vagányabb,1
legmenőbb,1
hencegő,1
izzadt,-1
söprés,1
édes,1
édesítsd,1
Édesem,1
édesen,1
édesség,1
dagadt,-1
duzzanat,-1
gyors,1
gyorsaság,1
szélhámosság,-1
elcsór,-1
duzzadt,-1
tünet,-1
tünetek,-1
szindróma,-1
tabu,-1
ragadós,-1
megfertőz,-1
szennyezett,-1
tehetség,1
tehetséges,1
tehetségek,1
szabotázs,-1
gubanc,-1
Kusza,-1
gubancok,-1
tartály,-1
részeg,-1
tankok,-1
gyötör,1
csábító,1
csábítóan,1
hiszti,-1
lusta,-1
homályosság,-1
szennyezett,-1
elhomályosítja,-1
bemocskolódás,-1
rongyos,-1
gúnyolódás,-1
gúnyolódni,-1
gúnyosan,-1
gúnyolódások,-1
feszes,-1
cifra,-1
adóztatás,-1
kötekedik,-1
kötekedően,-1
unalmas,-1
unalmasan,-1
vakmerőség,-1
kedély,-1
vihar,-1
csábít,1
kísértés,-1
csábító,1
csábítóan,1
állhatatos,1
állhatatosan,1
kitartás,1
pályázati kiírás,1
gyengéden,1
érzékenység,-1
feszült,-1
feszültség,-1
kísérleti,-1
próbaképpen,-1
vékony,-1
gyengén,-1
langyos,-1
szörnyű,-1
szörnyűség,-1
szörnyen,-1
fantasztikus,1
rettenetesen,1
terror,-1
terror gén,-1
terrorizmus,-1
terrorizálni,-1
ingerlékenyen,-1
ingerlékeny,-1
csilingelve,-1
ingerlékeny,-1
köszönet,1
hálás,1
hálátlan,-1
vastagabb,-1
vékonyabb,1
szomjúság,-1
tüskés,-1
figyelmes,1
elgondolkodva,1
komolyság,1
meggondolatlan,-1
meggondolatlanul,-1
meggondolatlanság,-1
thrash,-1
fenyegetés,-1
fenyeget,-1
fenyegető,-1
fenyegetések,-1
hármasban,-1
takarékosság,1
takarékos,1
izgalom,1
izgatott,1
izgató,1
izgalmasan,1
izgalmak,1
gyarapodni,1
virágzó,1
dobog,-1
lüktetett,-1
lüktető,-1
lüktet,-1
gázkar,-1
orgyilkos,-1
hüvelykujj lefelé,-1
Menő,1
nem jó,-1
remek,1
keresztben,-1
viszket,1
takaros,1
időigényes,-1
idő megtisztelve,1
időszerű,1
félénk,-1
félénkség,-1
félénken,-1
félénkség,-1
apró,-1
bizsergés,1
bizsergett,-1
bizsergés,-1
fáradt,-1
fárasztó,-1
fárasztó,-1
fárasztóan,-1
csiklandoz,1
csilingelő,1
csilingelően,1
összetartozás,1
küszködik,-1
elviselhető,1
útdíj,-1
ingyenesen hívható,1
tetejére,1
felső nehéz,-1
kiváló,1
legjobb minőség,1
kiváló,1
ledönt,-1
felsők,1
kín,-1
meggyötört,-1
torrent,-1
kanyargós,-1
kínzás,-1
megkínozták,-1
kínzások,-1
kínzás,-1
gyötrelmes,-1
kínzóan,-1
totalitárius,-1
érzékeny,-1
kemény,1
keményebb,1
legkeményebb,1
szívósság,-1
tout,-1
reklámozott,-1
touts,-1
mérgező,-1
vontatás,1
megrágalmaz,-1
tragédia,-1
tragikus,-1
tragikusan,-1
áruló,-1
áruló,-1
árulóan,-1
csavargó,-1
tapossák,-1
nyugodt,1
nyugalom,1
áthágni,-1
törvényszegés,-1
átlátszó,1
csapda,-1
csapdába esett,-1
csapdába esett,-1
szemét,-1
kukába dobva,-1
vacak,-1
sérülés,-1
traumás,-1
traumatikusan,-1
traumatizálni,-1
traumatizált,-1
travesztiák,-1
paródia,-1
áruló,-1
árulóan,-1
árulás,-1
árulás,-1
áruló,-1
kincs,1
borzasztóan,1
divatos,1
trükk,-1
átvert,-1
trükk,-1
furfangos,-1
diadal,1
diadalmas,1
diadalmas,1
diadalmasan,1
jelentéktelen,-1
bagatellizálni,-1
triviálisan,1
trófea,1
baj,-1
problémamentesen,1
zavaros,-1
bajkeverő,-1
bajok,-1
zavaró,-1
zavaróan,-1
nyugtalanító,-1
nyugtalanítóan,-1
iskolakerülő,-1
adu,1
trombita,1
bizalom,1
megbízott,1
bizakodó,1
bizalommal,1
megbízhatóság,1
megbízható,1
megbízható,1
igazmondó,1
őszintén,1
igazmondás,1
Esés,-1
bukdácsolt,-1
bukfencezik,-1
lármás,-1
viharos,-1
zűrzavar,-1
szempillantás alatt,1
csavar,-1
csavart,-1
csavarok,-1
két arcú,-1
két arc,-1
zsarnoki,-1
zsarnokian,-1
zsarnokság,-1
zsarnok,-1
óóó,-1
csúnyább,-1
legrondább,-1
csúnyaság,-1
csúnya,-1
későbbi,-1
ultimátum,-1
ultimátumok,-1
ultra ropogós,1
ultra keményvonalas,-1
nem látható,-1
pofátlan,1
gátlástalanul,1
képtelen,-1
elfogadhatatlan,-1
elfogadhatatlanul,-1
elfogadhatatlanul,-1
elérhetetlen,-1
szokatlan,-1
elérhetetlen,-1
nem érinti,1
megfizethetetlen,-1
nem vonzó,-1
támadhatatlan,1
nem vonzó,-1
nem hiteles,-1
nem érhető el,-1
elkerülhetetlenül,-1
kibírhatatlan,-1
elviselhetetlenül,-1
verhetetlen,1
hihetetlen,-1
hihetetlen,-1
elfogulatlan,1
kötetlen,1
nemtörődöm,-1
bizonytalan,-1
udvariatlan,-1
civilizálatlan,-1
tisztátalan,-1
homályos,-1
beszedhetetlen,-1
kényelmetlen,-1
kényelmetlenül,-1
kényelmetlen,-1
versenyképtelen,-1
nem bonyolult,1
rendíthetetlen,-1
megalkuvást nem ismerve,-1
feltétlen,1
nem megerősített,-1
alkotmányellenes,-1
ellenőrizetlen,-1
nem meggyőző,-1
nem meggyőzően,-1
nem együttműködő,-1
faragatlan,-1
nem kreatív,-1
sértetlen,1
rettenthetetlen,1
eldöntetlen,-1
meghatározatlan,-1
megbízhatatlanság,-1
megbízhatatlan,-1
alávágott,-1
alávágások,-1
alákínálás,-1
esélytelenebb,-1
alábecsülni,-1
alattvalói,-1
aláássák,-1
aláássák,-1
aláássa,-1
aláásása,-1
rosszul fizetett,-1
alulteljesített,-1
alulméretezett,-1
érthető,1
nem kívánatos,-1
meghatározatlan,-1
visszavonta,-1
méltóságon aluli,-1
vitathatatlan,1
vitathatatlanul,1
vitathatatlan,1
feloldatlan,-1
iratokkal nem rendelkező,-1
visszavonva,-1
jogtalan,-1
nyugtalanság,-1
nyugtalanul,-1
nyugtalanság,-1
kényelmetlen,-1
gazdaságtalan,-1
munkanélküli,-1
tehermentes,1
egyenlőtlen,-1
egyértelmű,1
egyértelműen,1
etikátlan,-1
egyenetlen,-1
eseménytelen,-1
váratlan,-1
váratlanul,-1
megmagyarázatlan,-1
Méltánytalanul,-1
hűtlen,-1
hűtlenül,-1
ismeretlen,-1
kedvezőtlen,-1
zavartalan,1
érzéketlen,-1
korlátlanul,1
befejezetlen,-1
alkalmatlan,-1
váratlan,-1
felejthetetlen,1
megbocsáthatatlan,-1
szerencsétlen,-1
sajnálatos módon,-1
alaptalan,-1
barátságtalan,-1
beteljesítetlen,-1
finanszírozatlan,-1
irányíthatatlan,-1
hálátlan,-1
boldogtalanul,-1
boldogtalanság,-1
boldogtalan,-1
egészségtelen,-1
nem segítőkész,-1
egyoldalúság,-1
elképzelhetetlen,-1
elképzelhetetlenül,-1
jelentéktelen,-1
tudatlan,-1
nem biztosított,-1
értelmetlen,-1
értelmetlen,-1
egypólusú,-1
egység,1
igazságtalan,-1
nem igazolható,-1
indokolatlanul,-1
indokolatlan,-1
igazságtalanul,-1
barátságtalan,-1
barátságtalanul,-1
ismeretlen,-1
siralmas,-1
siralmasan,-1
törvénytelen,-1
törvénytelenül,-1
törvénytelenség,-1
szabadjára engedni,-1
engedély nélküli,-1
valószínűtlen,-1
korlátlan,1
szerencsétlen,-1
páratlan,1
mozdulatlan,-1
természetellenes,-1
természetellenesen,-1
szükségtelen,-1
szükségtelen,-1
elbátortalanít,-1
ideges,-1
nyugtalanító,-1
nyugtalanítóan,-1
észrevétlenül,-1
észrevétlen,-1
unortodox,-1
unortodoxia,-1
példátlan,1
kellemetlen,-1
kellemetlenségek,-1
népszerűtlen,-1
kiszámíthatatlan,-1
felkészületlen,-1
terméketlen,-1
nem jövedelmező,-1
bebizonyítani,-1
bizonyítatlan,-1
nem bizonyított,-1
nem bizonyítja,-1
bizonyítatlan,-1
képzetlen,-1
kétségtelen,1
megkérdőjelezhetetlenül,1
megfejteni,-1
kibontva,-1
elérhetetlen,-1
olvashatatlan,-1
irreális,1
irreális,-1
ésszerűtlen,-1
indokolatlanul,-1
hajthatatlan,-1
kérlelhetetlenül,-1
megbízhatatlanság,-1
megbízhatatlan,-1
megoldatlan,-1
nem reagál,-1
nyugtalanság,-1
korlátlan,1
páratlan,1
rakoncátlan,-1
nem biztonságos,-1
elégtelen,-1
kellemetlen,-1
gátlástalan,-1
gátlástalanul,-1
nem biztonságos,-1
illetlen,-1
önzetlen,1
megzavar,-1
rendezetlen,-1
nyugtalanító,-1
nyugtalanítóan,-1
szakképzetlen,-1
egyszerű,-1
egészségtelen,-1
kimondhatatlan,-1
kimondhatatlan,-1
meg nem határozott,-1
instabil,-1
bizonytalanul,-1
bizonytalanság,-1
bizonytalan,-1
sikertelen,-1
sikertelenül,-1
nem támogatott,-1
nem támogató,-1
bizonytalan,-1
gyanútlan,-1
fenntarthatatlan,-1
tarthatatlan,-1
teszteletlen,-1
elképzelhetetlen,-1
elképzelhetetlenül,-1
korai,-1
érintetlen,-1
hamis,-1
megbízhatatlan,-1
hamis,-1
használhatatlan,-1
használhatatlanul,-1
használhatatlan,-1
használhatatlanul,-1
szokatlan,-1
szokatlanul,-1
megtekinthetetlen,-1
nem kívánt,-1
indokolatlan,-1
nézhetetlen,-1
megingathatatlan,1
nem szívesen látott,-1
rosszullét,-1
ormótlan,-1
nem hajlandó,-1
vonakodva,-1
nem hajlandóság,-1
oktalan,-1
oktalanul,-1
kivitelezhetetlen,-1
méltatlan,-1
hajthatatlan,-1
derűs,1
megszid,-1
frissíthető,1
frissíthető,1
frissítve,1
felfordulás,-1
helybenhagyta,1
tartsa fenn,1
felemelés,1
felemelő,1
felemelően,1
felemelés,1
felkelés,-1
felhajtás,-1
lármás,-1
harsányan,-1
felzúdult,-1
felzúdultan,-1
gyökerestül kitépni,-1
előkelő,1
szomorú,-1
felkavaró,-1
felzaklatja,-1
felkavaró,-1
idegesítően,-1
sürgős,-1
használható,1
használható,1
hasznos,1
hiábavaló,-1
felhasználóbarát,1
felhasználó cserélhető,1
bitorol,-1
bitorló,-1
teljesen,-1
csavargó,-1
homályos,-1
bizonytalanság,-1
hiú,-1
hiába,-1
bátor,1
vitézül,1
bátorság,1
értékes,1
hiúság,-1
fajta,1
heves,-1
vehemensen,-1
tisztelni,1
bosszú,-1
bosszúálló,-1
bosszúállóan,-1
bosszúvágy,-1
méreg,-1
mérges,-1
mérgesen,-1
nyílás,-1
igazolható,1
valóságos,1
sokoldalú,1
sokoldalúság,1
maradványait,-1
bosszant,-1
zaklatás,-1
bosszantó,-1
bosszantóan,-1
élénk,1
élénken,1
rezeg,-1
vibrált,-1
vibrál,-1
vibráló,-1
rezgés,-1
helyettes,-1
gonosz,-1
gonoszul,-1
gonoszság,-1
feláldoz,-1
győztes,1
győzelem,1
megtekinthető,1
éberség,1
éber,1
hitvány,-1
hitványság,-1
becsmérel,-1
aljas,-1
gonoszul,-1
gazemberek,-1
gazember,-1
aljas,-1
aljasan,-1
bolondít,-1
bosszúszomjas,-1
bosszúállóan,-1
bosszúállóság,-1
megsérteni,-1
megsértése,-1
törvénysértő,-1
szabálysértők,-1
erőszakos,-1
erőszakosan,-1
vipera,-1
erény,1
erényes,1
erényesen,1
virulencia,-1
fertőző,-1
virulensen,-1
vírus,-1
látnok,1
élénk,1
élénk,1
zajos,-1
harsányan,-1
illó,-1
volatilitás,-1
hányás,-1
hányt,-1
hányás,-1
hány,-1
kezeskedni,1
megenged,1
vulgáris,-1
sebezhető,-1
wack,-1
jajgat,-1
fetrengés,-1
apadás,-1
fogyó,-1
buja,-1
háborúhoz hasonló,-1
óvatosan,-1
óvatosság,-1
harcias,-1
meleg,1
melegítő,1
melegszívű,1
melegen,1
melegség,1
figyelmeztetett,-1
Figyelem,-1
vetemedik,-1
megvetemedett,-1
óvatos,-1
kimosott,-1
Pazarlás,-1
elpazarolt,-1
pazarló,-1
pazarlás,-1
pazarlás,-1
hígít,-1
felvizezték,-1
önfejű,-1
gyenge,-1
gyengüljön,-1
gyengülő,-1
gyengébb,-1
gyengeség,-1
gyengeségeit,-1
gazdag,1
fáradtság,-1
fárasztó,-1
fáradt,-1
ék,-1
gyom,-1
sír,-1
furcsa,-1
furcsán,-1
Üdvözöljük,1
jól,1
jól háttérvilágítású,1
jól kiegyensúlyozott,1
jól nevelt,1
jólétet,1
jól nevelt,1
jól kapcsolódik,1
jól képzett,1
jól megalapozott,1
jól informált,1
jó szándékú,1
jól ismert,1
jól elkészített,1
jól sikerült,1
jól nevelt,1
jól elhelyezett,1
jól fogadták,1
jól megbecsült,1
jól lekerekített,1
jól fut,1
jó kívánók,1
jólét,1
hízeleg vkinek,-1
nyafogás,-1
nyafog,-1
nyafogva,-1
nyafogós,-1
ostorok,-1
izé,1
teljes szívből,1
egészséges,1
izé,1
húúú,1
kurva,-1
kurvák,-1
gonosz,-1
gonoszul,-1
gonoszság,-1
jól kezelhető,1
vad,-1
vadul,-1
ravaszságok,-1
hajlandó,1
szívesen,1
hajlandóság,1
hervadás,-1
ravasz,-1
nyurga,-1
győzelem,1
összerezzen,-1
váratlan,1
nyerhető,1
győztes,1
nyertesek,1
nyerő,1
nyer,1
bölcsesség,1
bölcs,1
bölcsen,1
szellemes,1
inog,-1
megingott,-1
billeg,-1
jaj,-1
levert,-1
szánalmas,-1
siralmasan,-1
nőcsábász,-1
nőcsábászkodás,-1
nyerte,1
csoda,1
csodálatos,1
csodálatosan,1
csodálatos,1
csodálatosan,1
csodák,1
csodálatos,1
udvarol,1
munka,1
megmunkálható,1
dolgozott,1
művek,1
világhírű,1
kopott,-1
aggódó,-1
aggódva,-1
örökösen nyugtalankodó ember,-1
aggodalmak,-1
aggasztó,-1
aggodalom,-1
aggasztó,-1
aggasztóan,-1
rosszabb,-1
rosszabbodik,-1
rosszabbodik,-1
legrosszabb,-1
érdemes,1
megéri,1
méltóság,1
értéktelen,-1
értéktelenül,-1
értéktelenség,-1
érdemes,1
méltó,1
seb,-1
sebek,-1
Azta,1
wow,1
wow,1
wow,1
összetűzés,-1
harag,-1
pusztít,-1
tönkrement,-1
tönkreteszi,-1
roncs,-1
birkózni,-1
birkózik,-1
nyomorult,-1
nyomorult,-1
nyomorultul,-1
szerencsétlenség,-1
ránc,-1
ráncos,-1
ráncok,-1
csomagolóanyag,-1
felcsavarva,-1
tekercselés,-1
vonaglik,-1
rossz,-1
jogtalan,-1
helytelenül,-1
kovácsolt,-1
ásít,-1
Hurrá,1
fiatalos,1
támad,-1
zapped,-1
zaps,-1
buzgóság,1
fanatikus,-1
buzgó,-1
lelkesen,-1
zenit,1
lelkesedés,1
rámenős,1
zombi,-1
